source,model,group,dataset,scope,total,eval_iteration,checkpoint,protocol,train_family,training_run,training_data,train_pose,train_n_pos,train_n_neg,train_negative_source,negative_source_evidence,train_similarity,train_temperature,batch_per_gpu,workers_per_rank,wrist_trans_err_mm/count,wrist_trans_err_mm/mean,wrist_trans_err_mm/median,wrist_trans_err_mm/std,wrist_trans_err_mm/rmse,wrist_rot_err_deg/count,wrist_rot_err_deg/mean,wrist_rot_err_deg/median,wrist_rot_err_deg/std,wrist_rot_err_deg/rmse,joint_mae_deg/count,joint_mae_deg/mean,joint_mae_deg/median,joint_mae_deg/std,joint_mae_deg/rmse,alpha_err_deg/count,alpha_err_deg/mean,alpha_err_deg/median,alpha_err_deg/std,alpha_err_deg/rmse,theta_l_err_deg/count,theta_l_err_deg/mean,theta_l_err_deg/median,theta_l_err_deg/std,theta_l_err_deg/rmse,theta_r_err_deg/count,theta_r_err_deg/mean,theta_r_err_deg/median,theta_r_err_deg/std,theta_r_err_deg/rmse,articulated_add_mm/count,articulated_add_mm/mean,articulated_add_mm/median,articulated_add_mm/std,articulated_add_mm/rmse,shaft_trans_err_mm/count,shaft_trans_err_mm/mean,shaft_trans_err_mm/median,shaft_trans_err_mm/std,shaft_trans_err_mm/rmse,shaft_rot_err_deg/count,shaft_rot_err_deg/mean,shaft_rot_err_deg/median,shaft_rot_err_deg/std,shaft_rot_err_deg/rmse,shaft_add_mm/count,shaft_add_mm/mean,shaft_add_mm/median,shaft_add_mm/std,shaft_add_mm/rmse,wrist_add_mm/count,wrist_add_mm/mean,wrist_add_mm/median,wrist_add_mm/std,wrist_add_mm/rmse,l_gripper_trans_err_mm/count,l_gripper_trans_err_mm/mean,l_gripper_trans_err_mm/median,l_gripper_trans_err_mm/std,l_gripper_trans_err_mm/rmse,l_gripper_rot_err_deg/count,l_gripper_rot_err_deg/mean,l_gripper_rot_err_deg/median,l_gripper_rot_err_deg/std,l_gripper_rot_err_deg/rmse,l_gripper_add_mm/count,l_gripper_add_mm/mean,l_gripper_add_mm/median,l_gripper_add_mm/std,l_gripper_add_mm/rmse,r_gripper_trans_err_mm/count,r_gripper_trans_err_mm/mean,r_gripper_trans_err_mm/median,r_gripper_trans_err_mm/std,r_gripper_trans_err_mm/rmse,r_gripper_rot_err_deg/count,r_gripper_rot_err_deg/mean,r_gripper_rot_err_deg/median,r_gripper_rot_err_deg/std,r_gripper_rot_err_deg/rmse,r_gripper_add_mm/count,r_gripper_add_mm/mean,r_gripper_add_mm/median,r_gripper_add_mm/std,r_gripper_add_mm/rmse,wrist_only_trans_err_mm/count,wrist_only_trans_err_mm/mean,wrist_only_trans_err_mm/median,wrist_only_trans_err_mm/std,wrist_only_trans_err_mm/rmse,wrist_only_rot_err_deg/count,wrist_only_rot_err_deg/mean,wrist_only_rot_err_deg/median,wrist_only_rot_err_deg/std,wrist_only_rot_err_deg/rmse,wg_joint_wrist_trans_err_mm/count,wg_joint_wrist_trans_err_mm/mean,wg_joint_wrist_trans_err_mm/median,wg_joint_wrist_trans_err_mm/std,wg_joint_wrist_trans_err_mm/rmse,wg_joint_wrist_rot_err_deg/count,wg_joint_wrist_rot_err_deg/mean,wg_joint_wrist_rot_err_deg/median,wg_joint_wrist_rot_err_deg/std,wg_joint_wrist_rot_err_deg/rmse,wg_joint_theta_l_err_deg/count,wg_joint_theta_l_err_deg/mean,wg_joint_theta_l_err_deg/median,wg_joint_theta_l_err_deg/std,wg_joint_theta_l_err_deg/rmse,wg_joint_theta_r_err_deg/count,wg_joint_theta_r_err_deg/mean,wg_joint_theta_r_err_deg/median,wg_joint_theta_r_err_deg/std,wg_joint_theta_r_err_deg/rmse,wg_joint_l_gripper_add_mm/count,wg_joint_l_gripper_add_mm/mean,wg_joint_l_gripper_add_mm/median,wg_joint_l_gripper_add_mm/std,wg_joint_l_gripper_add_mm/rmse,wg_joint_r_gripper_add_mm/count,wg_joint_r_gripper_add_mm/mean,wg_joint_r_gripper_add_mm/median,wg_joint_r_gripper_add_mm/std,wg_joint_r_gripper_add_mm/rmse,wg_joint_wg_add_mm/count,wg_joint_wg_add_mm/mean,wg_joint_wg_add_mm/median,wg_joint_wg_add_mm/std,wg_joint_wg_add_mm/rmse,wg_minus_wrist_trans_mm/count,wg_minus_wrist_trans_mm/mean,wg_minus_wrist_trans_mm/median,wg_minus_wrist_trans_mm/std,wg_minus_wrist_trans_mm/rmse,wg_minus_wrist_rot_deg/count,wg_minus_wrist_rot_deg/mean,wg_minus_wrist_rot_deg/median,wg_minus_wrist_rot_deg/std,wg_minus_wrist_rot_deg/rmse,predwrist_theta_l_err_deg/count,predwrist_theta_l_err_deg/mean,predwrist_theta_l_err_deg/median,predwrist_theta_l_err_deg/std,predwrist_theta_l_err_deg/rmse,predwrist_theta_r_err_deg/count,predwrist_theta_r_err_deg/mean,predwrist_theta_r_err_deg/median,predwrist_theta_r_err_deg/std,predwrist_theta_r_err_deg/rmse,oraclewrist_theta_l_err_deg/count,oraclewrist_theta_l_err_deg/mean,oraclewrist_theta_l_err_deg/median,oraclewrist_theta_l_err_deg/std,oraclewrist_theta_l_err_deg/rmse,oraclewrist_theta_r_err_deg/count,oraclewrist_theta_r_err_deg/mean,oraclewrist_theta_r_err_deg/median,oraclewrist_theta_r_err_deg/std,oraclewrist_theta_r_err_deg/rmse,gt_wrist_area_ds/count,gt_wrist_area_ds/mean,gt_wrist_area_ds/median,gt_wrist_area_ds/std,gt_wrist_area_ds/rmse,gt_gripper_area_ds/count,gt_gripper_area_ds/mean,gt_gripper_area_ds/median,gt_gripper_area_ds/std,gt_gripper_area_ds/rmse,pred_wrist_area_ds/count,pred_wrist_area_ds/mean,pred_wrist_area_ds/median,pred_wrist_area_ds/std,pred_wrist_area_ds/rmse,pred_l_gripper_area_ds/count,pred_l_gripper_area_ds/mean,pred_l_gripper_area_ds/median,pred_l_gripper_area_ds/std,pred_l_gripper_area_ds/rmse,pred_r_gripper_area_ds/count,pred_r_gripper_area_ds/mean,pred_r_gripper_area_ds/median,pred_r_gripper_area_ds/std,pred_r_gripper_area_ds/rmse,wg_joint_articulated_add_mm/count,wg_joint_articulated_add_mm/mean,wg_joint_articulated_add_mm/median,wg_joint_articulated_add_mm/std,wg_joint_articulated_add_mm/rmse,initial_wrist_only_trans_err_mm/count,initial_wrist_only_trans_err_mm/mean,initial_wrist_only_trans_err_mm/median,initial_wrist_only_trans_err_mm/std,initial_wrist_only_trans_err_mm/rmse,initial_wrist_only_rot_err_deg/count,initial_wrist_only_rot_err_deg/mean,initial_wrist_only_rot_err_deg/median,initial_wrist_only_rot_err_deg/std,initial_wrist_only_rot_err_deg/rmse
submodules/RoboPEPP/logs/surfemb_articulated_needlegrasping_test_best_rarp/summary.json,resnet,articulated,needleGrasping/test,full evaluation,2375,26000,submodules/RoboPEPP/logs/surfemb_resnet_crop224_rarp_lnd_refinemem_b56_gpu4567/checkpoints/best_val_total.pt,"{""dataset"": ""needleGrasping/test"", ""down_sample_scale"": 3, ""mask_keys_per_part"": 512, ""max_pose_evaluations"": 256, ""max_poses"": 1024, ""require_all_parts"": true, ""selected_samples"": 2375, ""surface_keys_per_part"": 4096}",Full ResNet / point positives,surfemb_resnet_crop224_rarp_lnd_refinemem_b56_gpu4567,RARP+LND,refined,1024,1024,not recorded,not recorded in checkpoint,legacy raw_dot,,56,0,2288,12.672756910036396,10.077050646040037,12.451431145709877,17.76617306223344,2288,23.959792125655095,14.149981855976868,31.439930240717125,39.52898749330374,2288,23.072060605162658,14.214527524496699,26.10525389298806,34.83969376136459,2288,18.358332123529248,6.893782926940624,32.137066695029816,37.011071507301715,2288,23.764002315316674,13.211998832572379,31.588330149604698,39.52910835931923,2288,27.093847376642053,17.16098603966679,32.0257238584315,41.949059039807814,2288,25.44833391160789,16.721281455482167,27.183108189726372,37.23626014694629,2288,70.98290979006335,37.943940877008174,89.11578391447513,113.93066498952639,2288,27.980269517674774,13.628266293555413,39.0799935644083,48.06393012723693,2288,65.18447335999471,35.65568998469301,80.25450147191852,103.391491785959,2288,12.342195490192315,9.220251754269142,12.752390996874382,17.74692270945265,2288,12.109208605883937,8.861804362492265,13.022944192888074,17.782857152659435,2288,30.790374870582617,20.10022732882819,33.26629010928636,45.32872425191568,2288,11.987049933148572,8.2315623061124,13.35303043435681,17.944157485952257,2288,12.109208605883937,8.861804362492265,13.022944192888074,17.782857152659435,2288,33.33585804324,22.89574415476514,34.043297292059016,47.64688365459552,2288,12.279616863095976,8.695933429882878,13.379522584092687,18.16041340065466,,,,,,,,,,,,,,,,,,,,,,,,,,,,,,,,,,,,,,,,,,,,,,,,,,,,,,,,,,,,,,,,,,,,,,,,,,,,,,,,,,,,,,,,,,,,,,,,,,,,,,,,,,,,,,,,,,,
submodules/RoboPEPP/logs/surfemb_articulated_needlegrasping_test_best_rarp/summary.json,dino_multihead,articulated,needleGrasping/test,full evaluation,2375,22000,submodules/RoboPEPP/logs/surfemb_keypoint_crop_part206020_fbo4_p2048_b32_gpu0123/checkpoints/best_val_total.pt,"{""dataset"": ""needleGrasping/test"", ""down_sample_scale"": 3, ""mask_keys_per_part"": 512, ""max_pose_evaluations"": 256, ""max_poses"": 1024, ""require_all_parts"": true, ""selected_samples"": 2375, ""surface_keys_per_part"": 4096}",Full DINO / point positives,surfemb_keypoint_crop_part206020_fbo4_p2048_b32_gpu0123,RARP+LND,refined,2048,2048,not recorded,not recorded in checkpoint,legacy raw_dot,,32,0,2306,13.292026587804013,9.9630670674658,16.771085561313743,21.399702841763833,2306,24.699595176264918,13.015163013437771,34.08887607723804,42.09657318690753,2306,23.967359746009326,14.062661683396051,26.79760027406469,35.95199178965165,2306,19.086413558021604,6.580996121447184,33.86405483945631,38.87242457935362,2306,23.948337098488334,12.648181871070047,31.775367996940602,39.7894063932076,2306,28.867328581518038,16.901646264841492,34.33221961582089,44.85559009958831,2306,26.221723031177227,15.870897760518798,31.418216880291887,40.922892256789815,2306,71.66461335374588,35.87786031320523,94.82417044312702,118.85890840559279,2306,29.121273101632163,12.428990393752882,41.84442122216721,50.98042893579852,2306,65.89811522305453,33.65424542592722,85.76178144763914,108.15565055522337,2306,13.034725458499146,9.225400391028098,16.913026172750033,21.353091628580938,2306,12.82510733672205,8.909347751748024,17.076466161400646,21.35624205612736,2306,32.073257233347206,19.24364677508115,36.36608940839161,48.489032661165666,2306,12.728162692566464,8.059226973577221,17.447263654631726,21.596600069517283,2306,12.82510733672205,8.909347751748024,17.076466161400646,21.35624205612736,2306,36.4818801186387,23.402952030447928,37.85180425934173,52.5707776495483,2306,13.225888750588746,8.522311296565325,17.63519498035592,22.043689238376604,,,,,,,,,,,,,,,,,,,,,,,,,,,,,,,,,,,,,,,,,,,,,,,,,,,,,,,,,,,,,,,,,,,,,,,,,,,,,,,,,,,,,,,,,,,,,,,,,,,,,,,,,,,,,,,,,,,
submodules/RoboPEPP/logs/surfemb_articulated_needlegrasping_topk_ransac_b64_gpu0123/summary.json,resnet,articulated,needleGrasping/test,full evaluation,2375,26000,submodules/RoboPEPP/logs/surfemb_resnet_crop224_rarp_lnd_refinemem_b56_gpu4567/checkpoints/best_val_total.pt,"{""dataset"": ""needleGrasping/test"", ""down_sample_scale"": 3, ""mask_keys_per_part"": 512, ""max_pose_evaluations"": 256, ""max_poses"": 1024, ""pose_estimator"": ""topk_ransac"", ""require_all_parts"": true, ""selected_samples"": 2375, ""surface_keys_per_part"": 4096}",Full ResNet / point positives,surfemb_resnet_crop224_rarp_lnd_refinemem_b56_gpu4567,RARP+LND,refined,1024,1024,not recorded,not recorded in checkpoint,legacy raw_dot,,56,0,2345,2.981576952666569,1.6113457394090902,5.424891760876947,6.190254578117369,2345,10.52226304858087,5.121643604347936,23.71001091985789,25.939981447242996,2345,13.279042780117049,9.536478881762546,14.47458264288249,19.642976348858483,2345,7.580686915535025,3.4882732317738925,17.541986479424335,19.109895440730963,2345,13.830119149142492,9.14661709117131,17.89494257164184,22.616391518583097,2345,18.42632227567362,12.678200552472253,21.107091031516475,28.018541082999114,2345,7.80799814548765,4.460458432520634,13.380342977659929,15.491882172278228,2345,24.464346499628334,12.29655376399781,50.6871865582306,56.2822807892746,2345,11.652322536431537,5.559403195074438,26.1199379534203,28.60118492621515,2345,22.32384349717876,11.344534485146696,45.567749801772145,50.74222906498527,2345,2.832127646175705,1.5604800861075003,5.054456527890086,5.793831012082028,2345,2.675006253820897,1.4799834199755855,4.891753636245156,5.575384479629958,2345,17.742673479981352,10.700438414715418,24.327736386200677,30.110483554631035,2345,2.9314215258722367,1.8114888025509328,4.716763942166063,5.553475870881681,2345,2.675006253820897,1.4799834199755855,4.891753636245156,5.575384479629958,2345,21.68207116167901,14.479986699926801,25.657774555771745,33.59216582798615,2345,3.1445999127239,2.1188722809179215,4.667557084176527,5.628018989409118,,,,,,,,,,,,,,,,,,,,,,,,,,,,,,,,,,,,,,,,,,,,,,,,,,,,,,,,,,,,,,,,,,,,,,,,,,,,,,,,,,,,,,,,,,,,,,,,,,,,,,,,,,,,,,,,,,,
submodules/RoboPEPP/logs/surfemb_articulated_needlegrasping_topk_ransac_b64_gpu0123/summary.json,dino_multihead,articulated,needleGrasping/test,full evaluation,2375,22000,submodules/RoboPEPP/logs/surfemb_keypoint_crop_part206020_fbo4_p2048_b32_gpu0123/checkpoints/best_val_total.pt,"{""dataset"": ""needleGrasping/test"", ""down_sample_scale"": 3, ""mask_keys_per_part"": 512, ""max_pose_evaluations"": 256, ""max_poses"": 1024, ""pose_estimator"": ""topk_ransac"", ""require_all_parts"": true, ""selected_samples"": 2375, ""surface_keys_per_part"": 4096}",Full DINO / point positives,surfemb_keypoint_crop_part206020_fbo4_p2048_b32_gpu0123,RARP+LND,refined,2048,2048,not recorded,not recorded in checkpoint,legacy raw_dot,,32,0,2333,3.8421952900969303,1.7122081901114368,17.81804544470757,18.227594688189306,2333,10.614157692697079,4.67624908422156,26.141921236900963,28.214542163249334,2333,13.04852065536659,9.309098184607022,14.191445977203703,19.278512137024986,2333,7.139684848973843,4.05121571561905,14.266321318979513,15.953150902534457,2333,13.097538913449828,6.8688070595800035,18.836936188386947,22.94287886370615,2333,18.90833820367609,12.1673596053896,21.822643672894323,28.87478191257402,2333,8.474372063736636,4.74807928021592,23.39234912504349,24.88005183802001,2333,24.658866201430552,13.91454897699941,52.50052199013086,58.00314208365154,2333,11.327247338452633,5.159992155728989,26.42984721387321,28.75488403758853,2333,22.60905906479195,12.721386166264706,48.62251741964563,53.62199876933901,2333,3.6868135029263613,1.6486536987296536,17.551340833792352,17.9343848199292,2333,3.529344968801059,1.577603087581767,17.422996526854753,17.77686934990507,2333,17.377059607778836,9.269825459703945,26.567587984286998,31.74584905015346,2333,3.6248892003004762,1.7020689521290706,17.384531806772,17.758428079509805,2333,3.529344968801059,1.577603087581767,17.422996526854753,17.77686934990507,2333,22.848148263446532,13.748823857852315,28.480330416085923,36.512560847985775,2333,3.976726486927754,2.1903159047917087,17.37761517564622,17.826829856838888,,,,,,,,,,,,,,,,,,,,,,,,,,,,,,,,,,,,,,,,,,,,,,,,,,,,,,,,,,,,,,,,,,,,,,,,,,,,,,,,,,,,,,,,,,,,,,,,,,,,,,,,,,,,,,,,,,,
submodules/RoboPEPP/logs/surfemb_articulated_smoke2/summary.json,resnet,articulated,needleGrasping/test,smoke,2,26000,submodules/RoboPEPP/logs/surfemb_resnet_crop224_rarp_lnd_refinemem_b56_gpu4567/checkpoints/best_val_total.pt,"{""dataset"": ""needleGrasping/test"", ""down_sample_scale"": 3, ""mask_keys_per_part"": 256, ""max_pose_evaluations"": 32, ""max_poses"": 64, ""require_all_parts"": true, ""selected_samples"": 2, ""surface_keys_per_part"": 1024}",Full ResNet / point positives,surfemb_resnet_crop224_rarp_lnd_refinemem_b56_gpu4567,RARP+LND,refined,1024,1024,not recorded,not recorded in checkpoint,legacy raw_dot,,56,0,2,16.472513949078213,16.472513949078213,1.8184815426905434,16.57258552319711,2,18.301440388493784,18.301440388493784,4.6434018303342794,18.88131088805921,2,45.85225477619137,45.85225477619137,3.71733228394449,46.00269369689149,2,107.32749745705246,107.32749745705246,0.08853803466357846,107.32753397603611,2,17.62909390820726,17.62909390820726,11.41773695247059,21.00356324865385,2,12.600172963314392,12.600172963314392,0.3542781353006932,12.605152585454533,2,89.39587562256492,89.39587562256492,1.41009976412672,89.40699614498793,2,343.77687926861427,343.77687926861427,10.501818560322448,343.9372485101626,2,113.40515688990601,113.40515688990601,4.408341617788338,113.49080616967755,2,304.7211396561444,304.7211396561444,9.195718947972324,304.8598599361837,2,17.137642683606085,17.137642683606085,1.5463964863239097,17.2072699416227,2,17.476001744819136,17.476001744819136,1.398314707442184,17.531854465685328,2,14.858033316392278,14.858033316392278,0.37865098897377436,14.862857417148081,2,17.482300566416097,17.482300566416097,0.9597695062514617,17.508626176820464,2,17.476001744819136,17.476001744819136,1.398314707442184,17.531854465685328,2,16.84141400210831,16.84141400210831,2.791642897420296,17.07121834132312,2,18.242419584093096,18.242419584093096,1.0491538988900757,18.272564028774383,,,,,,,,,,,,,,,,,,,,,,,,,,,,,,,,,,,,,,,,,,,,,,,,,,,,,,,,,,,,,,,,,,,,,,,,,,,,,,,,,,,,,,,,,,,,,,,,,,,,,,,,,,,,,,,,,,,
submodules/RoboPEPP/logs/surfemb_articulated_smoke2/summary.json,dino_multihead,articulated,needleGrasping/test,smoke,2,22000,submodules/RoboPEPP/logs/surfemb_keypoint_crop_part206020_fbo4_p2048_b32_gpu0123/checkpoints/best_val_total.pt,"{""dataset"": ""needleGrasping/test"", ""down_sample_scale"": 3, ""mask_keys_per_part"": 256, ""max_pose_evaluations"": 32, ""max_poses"": 64, ""require_all_parts"": true, ""selected_samples"": 2, ""surface_keys_per_part"": 1024}",Full DINO / point positives,surfemb_keypoint_crop_part206020_fbo4_p2048_b32_gpu0123,RARP+LND,refined,2048,2048,not recorded,not recorded in checkpoint,legacy raw_dot,,32,0,2,16.51482701321951,16.51482701321951,0.5689250500360554,16.52462365650496,2,38.79518171623205,38.79518171623205,1.7244411924328027,38.833488406549634,2,54.9353564936368,54.9353564936368,0.07819100954905522,54.935412139319915,2,69.91291305173279,69.91291305173279,2.240317415689816,69.94879865660448,2,43.96577400811575,43.96577400811575,5.367285593201082,44.2921780766276,2,50.92738242106189,50.92738242106189,7.373029980243739,51.45833121420337,2,79.4570928378339,79.4570928378339,0.2867595197766235,79.45761029166644,2,289.25234215564376,289.25234215564376,0.14391824134466447,289.2523779590857,2,90.63616095839633,90.63616095839633,0.6089816334608145,90.63820679992638,2,256.65913317813516,256.65913317813516,0.1658502979295804,256.65918676344523,2,19.17979849347923,19.17979849347923,0.5216543363192905,19.18689118896203,2,20.483155837790257,20.483155837790257,0.49584436529884535,20.48915651533268,2,18.79543946960345,18.79543946960345,0.40834150954088244,18.79987467096367,2,21.240439995151633,21.240439995151633,0.08249963538323435,21.240600212269793,2,20.483155837790257,20.483155837790257,0.49584436529884535,20.48915651533268,2,23.521113918938642,23.521113918938642,8.01433777110779,24.848992130408313,2,20.748999684569554,20.748999684569554,0.37703380947437637,20.752424976463697,,,,,,,,,,,,,,,,,,,,,,,,,,,,,,,,,,,,,,,,,,,,,,,,,,,,,,,,,,,,,,,,,,,,,,,,,,,,,,,,,,,,,,,,,,,,,,,,,,,,,,,,,,,,,,,,,,,
submodules/RoboPEPP/logs/surfemb_articulated_smoke2_chainprob/summary.json,resnet,articulated,needleGrasping/test,smoke,2,26000,submodules/RoboPEPP/logs/surfemb_resnet_crop224_rarp_lnd_refinemem_b56_gpu4567/checkpoints/best_val_total.pt,"{""dataset"": ""needleGrasping/test"", ""down_sample_scale"": 3, ""mask_keys_per_part"": 256, ""max_pose_evaluations"": 32, ""max_poses"": 64, ""require_all_parts"": true, ""selected_samples"": 2, ""surface_keys_per_part"": 1024}",Full ResNet / point positives,surfemb_resnet_crop224_rarp_lnd_refinemem_b56_gpu4567,RARP+LND,refined,1024,1024,not recorded,not recorded in checkpoint,legacy raw_dot,,56,0,2,4.1038149317250845,4.1038149317250845,1.0400432338905425,4.233554880028279,2,7.180359694903503,7.180359694903503,2.097916642143197,7.480562785350853,2,5.797094616713731,5.797094616713731,1.848837457234669,6.084776572595356,2,4.886230247315203,4.886230247315203,2.69884167505111,5.582024043012595,2,4.893719549740124,4.893719549740124,1.2608682887099862,5.05354132000354,2,7.611334053085867,7.611334053085867,6.984485758045131,10.330316905690735,2,6.388141867675643,6.388141867675643,1.0988631384111,6.481963955354053,2,14.698049646734646,14.698049646734646,0.8260456855303921,14.721243659842731,2,7.11280472177403,7.11280472177403,2.7269111476236865,7.61761349880166,2,13.799938833003193,13.799938833003193,0.4368656856298392,13.806852046064314,2,4.028706506958329,4.028706506958329,1.3981169047299336,4.264411682577093,2,3.9904203122747974,3.9904203122747974,1.5779356799652344,4.291076237812915,2,5.8567728157340175,5.8567728157340175,0.532614631596239,5.88094092479353,2,3.813497912627498,3.813497912627498,1.669725933401474,4.163021861855605,2,3.9904203122747974,3.9904203122747974,1.5779356799652344,4.291076237812915,2,7.514348864513394,7.514348864513394,2.576526488638059,7.943798059131873,2,3.910424218113554,3.910424218113554,1.7644754011428327,4.290080536172621,,,,,,,,,,,,,,,,,,,,,,,,,,,,,,,,,,,,,,,,,,,,,,,,,,,,,,,,,,,,,,,,,,,,,,,,,,,,,,,,,,,,,,,,,,,,,,,,,,,,,,,,,,,,,,,,,,,
submodules/RoboPEPP/logs/surfemb_articulated_smoke2_chainprob/summary.json,dino_multihead,articulated,needleGrasping/test,smoke,2,22000,submodules/RoboPEPP/logs/surfemb_keypoint_crop_part206020_fbo4_p2048_b32_gpu0123/checkpoints/best_val_total.pt,"{""dataset"": ""needleGrasping/test"", ""down_sample_scale"": 3, ""mask_keys_per_part"": 256, ""max_pose_evaluations"": 32, ""max_poses"": 64, ""require_all_parts"": true, ""selected_samples"": 2, ""surface_keys_per_part"": 1024}",Full DINO / point positives,surfemb_keypoint_crop_part206020_fbo4_p2048_b32_gpu0123,RARP+LND,refined,2048,2048,not recorded,not recorded in checkpoint,legacy raw_dot,,32,0,2,8.038724222021786,8.038724222021786,0.47541027248808065,8.052769836826766,2,13.961941554391046,13.961941554391046,0.09898516870640428,13.962292434691923,2,5.9660682140554115,5.9660682140554115,1.6808200508028888,6.198316382530288,2,9.509518702152429,9.509518702152429,2.390624266112408,9.805408218341157,2,6.434815559056925,6.434815559056925,0.8966659535788049,6.496988618690082,2,1.9538703809568814,1.9538703809568814,1.7551699327174553,2.6264483543934354,2,9.174688316465078,9.174688316465078,2.963059817200998,9.641298106821095,2,20.4353415924592,20.4353415924592,11.590078599017257,23.49325664806586,2,8.207730347247267,8.207730347247267,0.5514908895058883,8.226237271944674,2,19.21254140202536,19.21254140202536,10.366414872403984,21.83081089724651,2,6.8725515067839,6.8725515067839,0.531960111200179,6.8931085711241895,2,6.272787560859945,6.272787560859945,0.572778871924565,6.298883982087815,2,14.293853526199232,14.293853526199232,1.1189758888287322,14.337585419735719,2,5.201620071436643,5.201620071436643,0.20602864611968608,5.205698720690092,2,6.272787560859945,6.272787560859945,0.572778871924565,6.298883982087815,2,13.482356930266903,13.482356930266903,0.362787225269801,13.487237039732596,2,5.4120402856144105,5.4120402856144105,0.7478356390801437,5.463463937484325,,,,,,,,,,,,,,,,,,,,,,,,,,,,,,,,,,,,,,,,,,,,,,,,,,,,,,,,,,,,,,,,,,,,,,,,,,,,,,,,,,,,,,,,,,,,,,,,,,,,,,,,,,,,,,,,,,,
submodules/RoboPEPP/logs/surfemb_articulated_smoke8_fullcfg_v3/summary.json,resnet,articulated,needleGrasping/test,smoke,8,26000,submodules/RoboPEPP/logs/surfemb_resnet_crop224_rarp_lnd_refinemem_b56_gpu4567/checkpoints/best_val_total.pt,"{""dataset"": ""needleGrasping/test"", ""down_sample_scale"": 3, ""mask_keys_per_part"": 512, ""max_pose_evaluations"": 128, ""max_poses"": 512, ""require_all_parts"": true, ""selected_samples"": 8, ""surface_keys_per_part"": 4096}",Full ResNet / point positives,surfemb_resnet_crop224_rarp_lnd_refinemem_b56_gpu4567,RARP+LND,refined,1024,1024,not recorded,not recorded in checkpoint,legacy raw_dot,,56,0,8,6.6867104087980085,5.882290994246281,2.848763315950552,7.268256222879955,8,9.959717947537376,10.107895052687933,5.036019490320131,11.16053197215,8,4.862944620543799,5.62468589668026,2.482256601345981,5.459837746435472,8,5.507298067883994,5.397729453879119,4.25740543101225,6.96102241143723,8,5.315617773450873,3.4175816276379063,5.185237669410559,7.425798408366676,8,3.7659180202965303,3.0116075630902195,2.7549516631665893,4.666036562434814,8,11.875839341985664,9.590438450879281,6.809648996458819,13.689663236604,8,33.728789741740556,25.43072856473215,24.873185222400757,41.90831183131096,8,9.613933116684642,7.993428296777398,6.112592942622475,11.392607359787476,8,31.053213545380878,23.58566300622149,22.42808192743463,38.30562531063481,8,6.1042831559274715,5.232854913353476,2.4866732725250276,6.591344082357572,8,5.782739745784666,4.997927523064061,2.333845193385001,6.235937167271971,8,11.181725281258522,11.613395929436894,6.0263838458844665,12.702294380287102,8,4.961620389368512,5.09959671349868,1.9237643441919916,5.321517278012145,8,5.782739745784666,4.997927523064061,2.333845193385001,6.235937167271971,8,9.838644869266226,10.181289572327536,4.805999020417876,10.94972873854856,8,5.384240277265809,5.1315677359635945,2.2198031411247454,5.82387923541334,,,,,,,,,,,,,,,,,,,,,,,,,,,,,,,,,,,,,,,,,,,,,,,,,,,,,,,,,,,,,,,,,,,,,,,,,,,,,,,,,,,,,,,,,,,,,,,,,,,,,,,,,,,,,,,,,,,
submodules/RoboPEPP/logs/surfemb_articulated_smoke8_fullcfg_v3/summary.json,dino_multihead,articulated,needleGrasping/test,smoke,8,22000,submodules/RoboPEPP/logs/surfemb_keypoint_crop_part206020_fbo4_p2048_b32_gpu0123/checkpoints/best_val_total.pt,"{""dataset"": ""needleGrasping/test"", ""down_sample_scale"": 3, ""mask_keys_per_part"": 512, ""max_pose_evaluations"": 128, ""max_poses"": 512, ""require_all_parts"": true, ""selected_samples"": 8, ""surface_keys_per_part"": 4096}",Full DINO / point positives,surfemb_keypoint_crop_part206020_fbo4_p2048_b32_gpu0123,RARP+LND,refined,2048,2048,not recorded,not recorded in checkpoint,legacy raw_dot,,32,0,8,6.0242163753230535,5.450741897552492,2.5537421417984576,6.543147703017853,8,9.628732861473567,8.715452867060186,3.897081476721451,10.387479990537955,8,5.158644587250542,4.315534716136239,2.9920208972567788,5.963539471420523,8,5.320418542663745,4.079107646868444,3.2820218162672132,6.25128152234197,8,4.3959292265315115,2.9702196049277036,3.6521434977902,5.715098065048855,8,5.759585992556372,5.076217081720987,3.24593467988478,6.61127240035761,8,11.797611331625507,8.534265255906586,8.014982681091597,14.262663864450316,8,35.11065327645864,22.215948230421475,30.31440959148729,46.386651122711505,8,10.025253084079441,7.311598325291091,7.469655498562211,12.502057937277568,8,32.21420942794154,20.86308769213779,27.249094227688225,42.1932272443897,8,5.477408002727595,5.150784355562482,2.325881914037259,5.95077516852972,8,5.1755104330017385,4.983084791842904,2.21010907123931,5.627654071536748,8,9.239896951497055,8.914014800091685,3.3083048878258126,9.81430470818472,8,4.640961500500845,4.825948673260623,2.119463416908877,5.102023992960647,8,5.1755104330017385,4.983084791842904,2.21010907123931,5.627654071536748,8,9.610764886222888,8.347518873774192,3.570074585699102,10.252425773723479,8,4.85786639533205,4.700238420128642,2.1358642536818584,5.306673348252403,,,,,,,,,,,,,,,,,,,,,,,,,,,,,,,,,,,,,,,,,,,,,,,,,,,,,,,,,,,,,,,,,,,,,,,,,,,,,,,,,,,,,,,,,,,,,,,,,,,,,,,,,,,,,,,,,,,
submodules/RoboPEPP/logs/surfemb_articulated_topk_ransac_smoke8/summary.json,resnet,articulated,needleGrasping/test,smoke,8,26000,submodules/RoboPEPP/logs/surfemb_resnet_crop224_rarp_lnd_refinemem_b56_gpu4567/checkpoints/best_val_total.pt,"{""dataset"": ""needleGrasping/test"", ""down_sample_scale"": 3, ""mask_keys_per_part"": 512, ""max_pose_evaluations"": 256, ""max_poses"": 1024, ""pose_estimator"": ""topk_ransac"", ""require_all_parts"": true, ""selected_samples"": 8, ""surface_keys_per_part"": 4096}",Full ResNet / point positives,surfemb_resnet_crop224_rarp_lnd_refinemem_b56_gpu4567,RARP+LND,refined,1024,1024,not recorded,not recorded in checkpoint,legacy raw_dot,,56,0,8,1.4267212287736555,1.4535826221414445,0.2688879739360305,1.4518382165933066,8,4.922483520718594,5.3102702974027025,1.567310308981634,5.165975766143918,8,2.9596124278683797,3.055395478972348,0.5443864049488021,3.009262747100367,8,3.1521664529067346,3.1949183144691373,1.8541452624768133,3.6570490837826934,8,2.2185517372390997,2.0455622554697177,1.2910278671179967,2.566851137966881,8,3.508119093459305,3.291559514809294,1.0425886931574304,3.6597664894079585,8,3.5100142507724312,3.7410664870411283,1.3866672749389306,3.7739960482242307,8,12.72679582223337,13.201838168741169,6.348299063634865,14.22224429906068,8,3.9022269144492534,4.06891292794535,1.6854118598840528,4.25064560146926,8,11.569294896748493,11.960944059047646,5.621153393914202,12.86257944138126,8,1.0569962787021077,1.0938266853942507,0.20905096691160627,1.0774708534140407,8,0.8445069078255908,0.8763562620084888,0.21637065010665998,0.8717844777195334,8,5.3116542055591776,5.910619243630165,1.827744314290349,5.617323177266481,8,0.6270317425236879,0.5711375505161603,0.24143237900555206,0.6719065409449241,8,0.8445069078255908,0.8763562620084888,0.21637065010665998,0.8717844777195334,8,5.01385547047983,5.484601962549233,1.856355016854724,5.346475533233292,8,0.7867340851154363,0.7816157946373508,0.1064782529794521,0.7939068831040444,,,,,,,,,,,,,,,,,,,,,,,,,,,,,,,,,,,,,,,,,,,,,,,,,,,,,,,,,,,,,,,,,,,,,,,,,,,,,,,,,,,,,,,,,,,,,,,,,,,,,,,,,,,,,,,,,,,
submodules/RoboPEPP/logs/surfemb_topk_ransac_batch32_smoke/summary.json,resnet,articulated,needleGrasping/test,smoke,32,26000,submodules/RoboPEPP/logs/surfemb_resnet_crop224_rarp_lnd_refinemem_b56_gpu4567/checkpoints/best_val_total.pt,"{""dataset"": ""needleGrasping/test"", ""down_sample_scale"": 3, ""mask_keys_per_part"": 512, ""max_pose_evaluations"": 256, ""max_poses"": 1024, ""pose_estimator"": ""topk_ransac"", ""require_all_parts"": true, ""selected_samples"": 32, ""surface_keys_per_part"": 4096}",Full ResNet / point positives,surfemb_resnet_crop224_rarp_lnd_refinemem_b56_gpu4567,RARP+LND,refined,1024,1024,not recorded,not recorded in checkpoint,legacy raw_dot,,56,0,32,1.5292379748867513,1.524711013308266,1.076176194747442,1.8699529368347259,32,4.9141563644942625,4.331960295030756,2.340391479167348,5.44301066051304,32,7.983906341482809,5.314875274969849,6.202457410077685,10.110056300209065,32,5.15176511043941,2.719793280330125,7.149857915152093,8.81255649400353,32,7.798084018155299,4.612490779533079,8.343094801666826,11.420041384505097,32,11.001869895853723,8.651589312677704,8.587251160195418,13.956433057682393,32,5.445645629330742,3.540921065198365,6.058658532117775,8.14631202011392,32,19.758136942961812,12.493249831594808,25.713844664913356,32.42816342175618,32,6.711553060902846,4.701696866171719,6.906771032481755,9.630598661788552,32,17.855707208947507,11.706322006319468,23.020919992024695,29.133984231664265,32,1.4440235637577299,1.2083042966614477,1.083555797396363,1.8053523807719207,32,1.3843013945324798,1.0282934633822185,1.1072874187156188,1.7726747526126914,32,9.32030008429223,7.417719730794041,7.461031835715135,11.938801854240335,32,1.2756395349914535,0.8953631066106237,0.9898123839523204,1.6146159848888488,32,1.3843013945324798,1.0282934633822185,1.1072874187156188,1.7726747526126914,32,11.851509308013387,9.39708954812498,7.760152053962767,14.166094478668088,32,1.2072122096262805,1.1005780654620518,0.6474756667095757,1.3698854178550028,,,,,,,,,,,,,,,,,,,,,,,,,,,,,,,,,,,,,,,,,,,,,,,,,,,,,,,,,,,,,,,,,,,,,,,,,,,,,,,,,,,,,,,,,,,,,,,,,,,,,,,,,,,,,,,,,,,
submodules/RoboPEPP/logs/surfemb_topk_ransac_batch32_smoke/summary.json,dino_multihead,articulated,needleGrasping/test,smoke,32,22000,submodules/RoboPEPP/logs/surfemb_keypoint_crop_part206020_fbo4_p2048_b32_gpu0123/checkpoints/best_val_total.pt,"{""dataset"": ""needleGrasping/test"", ""down_sample_scale"": 3, ""mask_keys_per_part"": 512, ""max_pose_evaluations"": 256, ""max_poses"": 1024, ""pose_estimator"": ""topk_ransac"", ""require_all_parts"": true, ""selected_samples"": 32, ""surface_keys_per_part"": 4096}",Full DINO / point positives,surfemb_keypoint_crop_part206020_fbo4_p2048_b32_gpu0123,RARP+LND,refined,2048,2048,not recorded,not recorded in checkpoint,legacy raw_dot,,32,0,32,1.8161404069241742,1.5770719063470815,1.562311546565391,2.395659271723391,32,14.80118562310937,4.0070007171674025,41.21873889017882,43.795656537452196,32,12.123448270301472,5.036061688112443,17.120894797104608,20.978632858606385,32,7.2132443046817825,4.3469543689441394,9.290232794598307,11.7617736237718,32,14.516302401968167,5.839055723797147,24.42060003334438,28.409307302607118,32,14.640798104254468,6.498013591899759,20.741088698011037,25.387905181568296,32,7.409225725198864,4.758916234192139,7.825483252314646,10.776586378775315,32,27.289082241806327,17.530425087495352,32.20303913366743,42.21054061540299,32,16.630222555415052,5.296592228374394,38.637554058933375,42.06453239844269,32,24.64574815884,15.69156264451513,28.942461085130503,38.01419413815396,32,1.7469639805557466,1.5074257715022301,1.3617601176564806,2.21501100841485,32,1.5291731393039183,1.487907904900152,0.9892916955992648,1.8212821167930764,32,18.905392836899757,5.342149036545985,40.20407672409245,44.427262616035804,32,1.561802565850793,1.5465253573379643,0.8643351159890025,1.785021693826112,32,1.5291731393039183,1.487907904900152,0.9892916955992648,1.8212821167930764,32,20.718743232310402,7.56605554055745,39.851636389140765,44.91569039899862,32,1.6823881955489206,1.4220966538268345,1.0772041644060035,1.9976983887303883,,,,,,,,,,,,,,,,,,,,,,,,,,,,,,,,,,,,,,,,,,,,,,,,,,,,,,,,,,,,,,,,,,,,,,,,,,,,,,,,,,,,,,,,,,,,,,,,,,,,,,,,,,,,,,,,,,,
submodules/RoboPEPP/logs/surfemb_topk_ransac_batch64_smoke/summary.json,resnet,articulated,needleGrasping/test,smoke,64,26000,submodules/RoboPEPP/logs/surfemb_resnet_crop224_rarp_lnd_refinemem_b56_gpu4567/checkpoints/best_val_total.pt,"{""dataset"": ""needleGrasping/test"", ""down_sample_scale"": 3, ""mask_keys_per_part"": 512, ""max_pose_evaluations"": 256, ""max_poses"": 1024, ""pose_estimator"": ""topk_ransac"", ""require_all_parts"": true, ""selected_samples"": 64, ""surface_keys_per_part"": 4096}",Full ResNet / point positives,surfemb_resnet_crop224_rarp_lnd_refinemem_b56_gpu4567,RARP+LND,refined,1024,1024,not recorded,not recorded in checkpoint,legacy raw_dot,,56,0,64,1.494869622483046,1.3717244261132109,1.0694825830520112,1.8380501036898331,64,10.530161390801464,4.744619094917417,29.627112273960797,31.44280650021884,64,11.255930155328402,5.684900168498957,16.113896223865154,19.655879913530377,64,6.425211109754965,3.673316823489583,9.330922205123318,11.329141494525611,64,12.989654777386455,6.7858860017351095,20.183864206014295,24.00248956926143,64,14.352924578843785,7.910677285384578,24.547425220838573,28.43558560920875,64,6.555876982487605,4.354682911859783,8.104215841873618,10.42390701326456,64,23.7426254018747,13.421250349980594,33.27072047814579,40.873623550018856,64,12.906573595493175,5.535050718536945,30.36025980854769,32.98977140900491,64,21.435484955290597,12.263747621522207,29.767983648887334,36.682596224761866,64,1.4811134173856684,1.1805807564071573,1.2125737451441987,1.9141661481106809,64,1.3896442401251892,0.9963747979167747,1.0882842824319419,1.7650704783383357,64,16.071897412995632,8.570559891880675,30.440975125717507,34.423231298912185,64,1.7938005171591533,1.1691836300107714,1.6656624502092372,2.447887189679599,64,1.3896442401251892,0.9963747979167747,1.0882842824319419,1.7650704783383357,64,16.87010556627039,8.90374393339284,30.120652594463664,34.52324107805462,64,1.5131090401149963,1.0455917854948273,1.3857328644816962,2.051768636806395,,,,,,,,,,,,,,,,,,,,,,,,,,,,,,,,,,,,,,,,,,,,,,,,,,,,,,,,,,,,,,,,,,,,,,,,,,,,,,,,,,,,,,,,,,,,,,,,,,,,,,,,,,,,,,,,,,,
submodules/RoboPEPP/logs/surfemb_topk_ransac_batch64_smoke/summary.json,dino_multihead,articulated,needleGrasping/test,smoke,64,22000,submodules/RoboPEPP/logs/surfemb_keypoint_crop_part206020_fbo4_p2048_b32_gpu0123/checkpoints/best_val_total.pt,"{""dataset"": ""needleGrasping/test"", ""down_sample_scale"": 3, ""mask_keys_per_part"": 512, ""max_pose_evaluations"": 256, ""max_poses"": 1024, ""pose_estimator"": ""topk_ransac"", ""require_all_parts"": true, ""selected_samples"": 64, ""surface_keys_per_part"": 4096}",Full DINO / point positives,surfemb_keypoint_crop_part206020_fbo4_p2048_b32_gpu0123,RARP+LND,refined,2048,2048,not recorded,not recorded in checkpoint,legacy raw_dot,,32,0,64,1.9485408202936108,1.514744181578351,1.6813078186229755,2.573636980872253,64,9.520343612014411,4.229022134994991,29.90282906724704,31.381780203102217,64,10.444532633528635,6.581139413124145,13.681177078954425,17.212288290594966,64,6.375749284359166,4.1284299369689865,9.032123270609429,11.055741934058103,64,12.88908017515695,6.66745479039532,18.330938859253045,22.40874175903898,64,12.068768441069782,7.917299153784905,15.445523423193741,19.601514367532637,64,6.710703222500314,4.607661659998065,7.765539587149869,10.263388466781711,64,23.061087283049204,14.627056202486383,31.956229162878525,39.4083027925185,64,10.653920821984762,5.04784326979839,26.630692072825052,28.68274375227634,64,20.87017788805123,13.182791799539213,28.69789583172185,35.48427187145399,64,1.8240405100756758,1.4324981973673898,1.502577342454657,2.363231358215956,64,1.6851982161885295,1.3959219961381175,1.319527074898922,2.1403375269420257,64,15.511658464954229,7.57380140146078,29.335062572441522,33.18369244768348,64,2.182111802990955,1.6399222484329918,1.7610385874887933,2.8040807455166052,64,1.6851982161885295,1.3959219961381175,1.319527074898922,2.1403375269420257,64,15.54974705896221,8.709343239455551,29.040482758232788,32.941528082785105,64,1.966482688883397,1.5177929809618185,1.4062543159983423,2.41756186413958,,,,,,,,,,,,,,,,,,,,,,,,,,,,,,,,,,,,,,,,,,,,,,,,,,,,,,,,,,,,,,,,,,,,,,,,,,,,,,,,,,,,,,,,,,,,,,,,,,,,,,,,,,,,,,,,,,,
submodules/RoboPEPP/logs/surfemb_wrist_gripper_ablation_rarp_full_topk_v2/summary.json,resnet,wrist_only_all_successes,needleGrasping/test,full evaluation,2375,,submodules/RoboPEPP/logs/surfemb_resnet_crop224_rarp_lnd_refinemem_b56_gpu4567/checkpoints/best_val_total.pt,"{""dataset"": ""needleGrasping/test"", ""devices"": [""cuda:0"", ""cuda:1"", ""cuda:2"", ""cuda:3"", ""cuda:4"", ""cuda:5"", ""cuda:6"", ""cuda:7""], ""down_sample_scale"": 3, ""fit"": ""independent top-K RANSAC per part, followed by wrist+l/r-gripper kinematic-chain fit"", ""samples"": 2375, ""surface_keys_per_part"": 4096, ""surface_root"": ""submodules/RoboPEPP/assets/instrument_surface_samples_surfemb_x2.13mm_wg1over3_shafttop30mm""}",Full ResNet / point positives,surfemb_resnet_crop224_rarp_lnd_refinemem_b56_gpu4567,RARP+LND,refined,1024,1024,not recorded,not recorded in checkpoint,legacy raw_dot,,56,0,,,,,,,,,,,,,,,,,,,,,,,,,,,,,,,,,,,,,,,,,,,,,,,,,,,,,,,,,,,,,,,,,,,,,,,,,,,,,,,,,,,,,,2345,2.9588653209613693,1.610887862236869,5.287348678091043,6.0589553580876405,2345,10.466602315128313,5.115647548853086,23.582642473939757,25.800984285036815,,,,,,,,,,,,,,,,,,,,,,,,,,,,,,,,,,,,,,,,,,,,,,,,,,,,,,,,,,,,,,,,,,,,,,,,,,,,,,,,,,,,,,,,,,,,,,,,,,,,,,,,,
submodules/RoboPEPP/logs/surfemb_wrist_gripper_ablation_rarp_full_topk_v2/summary.json,resnet,paired_wrist_only,needleGrasping/test,full evaluation,2375,,submodules/RoboPEPP/logs/surfemb_resnet_crop224_rarp_lnd_refinemem_b56_gpu4567/checkpoints/best_val_total.pt,"{""dataset"": ""needleGrasping/test"", ""devices"": [""cuda:0"", ""cuda:1"", ""cuda:2"", ""cuda:3"", ""cuda:4"", ""cuda:5"", ""cuda:6"", ""cuda:7""], ""down_sample_scale"": 3, ""fit"": ""independent top-K RANSAC per part, followed by wrist+l/r-gripper kinematic-chain fit"", ""samples"": 2375, ""surface_keys_per_part"": 4096, ""surface_root"": ""submodules/RoboPEPP/assets/instrument_surface_samples_surfemb_x2.13mm_wg1over3_shafttop30mm""}",Full ResNet / point positives,surfemb_resnet_crop224_rarp_lnd_refinemem_b56_gpu4567,RARP+LND,refined,1024,1024,not recorded,not recorded in checkpoint,legacy raw_dot,,56,0,,,,,,,,,,,,,,,,,,,,,,,,,,,,,,,,,,,,,,,,,,,,,,,,,,,,,,,,,,,,,,,,,,,,,,,,,,,,,,,,,,,,,,1838,2.3956038800212838,1.53712290430691,3.4541402285452127,4.203570228796874,1838,7.986407153391286,4.807935853955981,16.07634780404992,17.950812180414577,,,,,,,,,,,,,,,,,,,,,,,,,,,,,,,,,,,,,,,,,,,,,,,,,,,,,,,,,,,,,,,,,,,,,,,,,,,,,,,,,,,,,,,,,,,,,,,,,,,,,,,,,
submodules/RoboPEPP/logs/surfemb_wrist_gripper_ablation_rarp_full_topk_v2/summary.json,resnet,wrist_gripper_joint,needleGrasping/test,full evaluation,2375,,submodules/RoboPEPP/logs/surfemb_resnet_crop224_rarp_lnd_refinemem_b56_gpu4567/checkpoints/best_val_total.pt,"{""dataset"": ""needleGrasping/test"", ""devices"": [""cuda:0"", ""cuda:1"", ""cuda:2"", ""cuda:3"", ""cuda:4"", ""cuda:5"", ""cuda:6"", ""cuda:7""], ""down_sample_scale"": 3, ""fit"": ""independent top-K RANSAC per part, followed by wrist+l/r-gripper kinematic-chain fit"", ""samples"": 2375, ""surface_keys_per_part"": 4096, ""surface_root"": ""submodules/RoboPEPP/assets/instrument_surface_samples_surfemb_x2.13mm_wg1over3_shafttop30mm""}",Full ResNet / point positives,surfemb_resnet_crop224_rarp_lnd_refinemem_b56_gpu4567,RARP+LND,refined,1024,1024,not recorded,not recorded in checkpoint,legacy raw_dot,,56,0,,,,,,,,,,,,,,,,,,,,,,,,,,,,,,,,,,,,,,,,,,,,,,,,,,,,,,,,,,,,,,,,,,,,,,,,,,,,,,,,,,,,,,,,,,,,,,,,1838,4.152300034867712,2.8261425483561826,4.338613371488278,6.005427675596409,1838,11.917187186660076,8.242232120759741,18.213207921810827,21.765575876714305,1838,11.703571491648066,8.101441320612714,13.166631753063882,17.616292952290145,1838,14.881192933066046,10.117613005279601,16.570705917812933,22.271914999069462,1838,4.461775242902693,3.069438354403875,4.531346822590235,6.359287880319463,1838,4.724901414099472,3.2896525284337703,4.6089873243738015,6.60056494015456,1838,4.491591207634116,3.1675086312522267,4.429361965527867,6.308219954801908,,,,,,,,,,,,,,,,,,,,,,,,,,,,,,,,,,,,,,,,,,,,,,,,,,,,,,,,,,,,,,,,,,,,,,
submodules/RoboPEPP/logs/surfemb_wrist_gripper_ablation_rarp_full_topk_v2/summary.json,resnet,joint_minus_wrist,needleGrasping/test,full evaluation,2375,,submodules/RoboPEPP/logs/surfemb_resnet_crop224_rarp_lnd_refinemem_b56_gpu4567/checkpoints/best_val_total.pt,"{""dataset"": ""needleGrasping/test"", ""devices"": [""cuda:0"", ""cuda:1"", ""cuda:2"", ""cuda:3"", ""cuda:4"", ""cuda:5"", ""cuda:6"", ""cuda:7""], ""down_sample_scale"": 3, ""fit"": ""independent top-K RANSAC per part, followed by wrist+l/r-gripper kinematic-chain fit"", ""samples"": 2375, ""surface_keys_per_part"": 4096, ""surface_root"": ""submodules/RoboPEPP/assets/instrument_surface_samples_surfemb_x2.13mm_wg1over3_shafttop30mm""}",Full ResNet / point positives,surfemb_resnet_crop224_rarp_lnd_refinemem_b56_gpu4567,RARP+LND,refined,1024,1024,not recorded,not recorded in checkpoint,legacy raw_dot,,56,0,,,,,,,,,,,,,,,,,,,,,,,,,,,,,,,,,,,,,,,,,,,,,,,,,,,,,,,,,,,,,,,,,,,,,,,,,,,,,,,,,,,,,,,,,,,,,,,,,,,,,,,,,,,,,,,,,,,,,,,,,,,,,,,,,,,1838,1.7566961548464282,0.9760411015972639,3.9101825403231123,4.286666406323209,1838,3.9307800332687908,2.674774252565805,11.95214645617693,12.581924995001653,,,,,,,,,,,,,,,,,,,,,,,,,,,,,,,,,,,,,,,,,,,,,,,,,,,,,,,,,,,,
submodules/RoboPEPP/logs/surfemb_wrist_gripper_ablation_rarp_full_topk_v2/summary.json,resnet,chain_angle_diagnostics,needleGrasping/test,full evaluation,2375,,submodules/RoboPEPP/logs/surfemb_resnet_crop224_rarp_lnd_refinemem_b56_gpu4567/checkpoints/best_val_total.pt,"{""dataset"": ""needleGrasping/test"", ""devices"": [""cuda:0"", ""cuda:1"", ""cuda:2"", ""cuda:3"", ""cuda:4"", ""cuda:5"", ""cuda:6"", ""cuda:7""], ""down_sample_scale"": 3, ""fit"": ""independent top-K RANSAC per part, followed by wrist+l/r-gripper kinematic-chain fit"", ""samples"": 2375, ""surface_keys_per_part"": 4096, ""surface_root"": ""submodules/RoboPEPP/assets/instrument_surface_samples_surfemb_x2.13mm_wg1over3_shafttop30mm""}",Full ResNet / point positives,surfemb_resnet_crop224_rarp_lnd_refinemem_b56_gpu4567,RARP+LND,refined,1024,1024,not recorded,not recorded in checkpoint,legacy raw_dot,,56,0,,,,,,,,,,,,,,,,,,,,,,,,,,,,,,,,,,,,,,,,,,,,,,,,,,,,,,,,,,,,,,,,,,,,,,,,,,,,,,,,,,,,,,,,,,,,,,,,,,,,,,,,,,,,,,,,,,,,,,,,,,,,,,,,,,,,,,,,,,,,,2345,13.622425938249668,9.144951421652983,17.27290060324946,21.998263197189747,2345,18.40639719341075,12.50983929144129,21.59013880767196,28.371280397192898,2345,11.819897282916244,6.307238432466111,20.500075117626604,23.66353844223269,2345,15.870132075751206,9.193797800179528,21.07934229828875,26.385597659143755,,,,,,,,,,,,,,,,,,,,,,,,,,,,,,,,,,,,,,,,
submodules/RoboPEPP/logs/surfemb_wrist_gripper_ablation_rarp_full_topk_v2/summary.json,resnet,support,needleGrasping/test,full evaluation,2375,,submodules/RoboPEPP/logs/surfemb_resnet_crop224_rarp_lnd_refinemem_b56_gpu4567/checkpoints/best_val_total.pt,"{""dataset"": ""needleGrasping/test"", ""devices"": [""cuda:0"", ""cuda:1"", ""cuda:2"", ""cuda:3"", ""cuda:4"", ""cuda:5"", ""cuda:6"", ""cuda:7""], ""down_sample_scale"": 3, ""fit"": ""independent top-K RANSAC per part, followed by wrist+l/r-gripper kinematic-chain fit"", ""samples"": 2375, ""surface_keys_per_part"": 4096, ""surface_root"": ""submodules/RoboPEPP/assets/instrument_surface_samples_surfemb_x2.13mm_wg1over3_shafttop30mm""}",Full ResNet / point positives,surfemb_resnet_crop224_rarp_lnd_refinemem_b56_gpu4567,RARP+LND,refined,1024,1024,not recorded,not recorded in checkpoint,legacy raw_dot,,56,0,,,,,,,,,,,,,,,,,,,,,,,,,,,,,,,,,,,,,,,,,,,,,,,,,,,,,,,,,,,,,,,,,,,,,,,,,,,,,,,,,,,,,,,,,,,,,,,,,,,,,,,,,,,,,,,,,,,,,,,,,,,,,,,,,,,,,,,,,,,,,,,,,,,,,,,,,,,,,,,,,2345,183.409381663113,125.0,158.85653636030776,242.64047565573068,2345,90.68102345415778,67.0,76.16257833904423,118.422068694752,2345,216.56460554371003,150.0,177.74842966478934,280.1691143266889,2345,61.356076759061835,49.0,46.62286048484602,77.06010170674125,2345,41.96588486140725,30.0,39.6480210590288,57.733015390659105,,,,,,,,,,,,,,,
submodules/RoboPEPP/logs/surfemb_wrist_gripper_ablation_rarp_full_topk_v2/summary.json,dino_multihead,wrist_only_all_successes,needleGrasping/test,full evaluation,2375,,submodules/RoboPEPP/logs/surfemb_keypoint_crop_part206020_fbo4_p2048_b32_gpu0123/checkpoints/best_val_total.pt,"{""dataset"": ""needleGrasping/test"", ""devices"": [""cuda:0"", ""cuda:1"", ""cuda:2"", ""cuda:3"", ""cuda:4"", ""cuda:5"", ""cuda:6"", ""cuda:7""], ""down_sample_scale"": 3, ""fit"": ""independent top-K RANSAC per part, followed by wrist+l/r-gripper kinematic-chain fit"", ""samples"": 2375, ""surface_keys_per_part"": 4096, ""surface_root"": ""submodules/RoboPEPP/assets/instrument_surface_samples_surfemb_x2.13mm_wg1over3_shafttop30mm""}",Full DINO / point positives,surfemb_keypoint_crop_part206020_fbo4_p2048_b32_gpu0123,RARP+LND,refined,2048,2048,not recorded,not recorded in checkpoint,legacy raw_dot,,32,0,,,,,,,,,,,,,,,,,,,,,,,,,,,,,,,,,,,,,,,,,,,,,,,,,,,,,,,,,,,,,,,,,,,,,,,,,,,,,,,,,,,,,,2333,3.8413315488438395,1.7083886593544952,17.81873703575005,18.22808869896549,2333,10.588546588954872,4.67274614855454,26.07914455066876,28.146742251300488,,,,,,,,,,,,,,,,,,,,,,,,,,,,,,,,,,,,,,,,,,,,,,,,,,,,,,,,,,,,,,,,,,,,,,,,,,,,,,,,,,,,,,,,,,,,,,,,,,,,,,,,,
submodules/RoboPEPP/logs/surfemb_wrist_gripper_ablation_rarp_full_topk_v2/summary.json,dino_multihead,paired_wrist_only,needleGrasping/test,full evaluation,2375,,submodules/RoboPEPP/logs/surfemb_keypoint_crop_part206020_fbo4_p2048_b32_gpu0123/checkpoints/best_val_total.pt,"{""dataset"": ""needleGrasping/test"", ""devices"": [""cuda:0"", ""cuda:1"", ""cuda:2"", ""cuda:3"", ""cuda:4"", ""cuda:5"", ""cuda:6"", ""cuda:7""], ""down_sample_scale"": 3, ""fit"": ""independent top-K RANSAC per part, followed by wrist+l/r-gripper kinematic-chain fit"", ""samples"": 2375, ""surface_keys_per_part"": 4096, ""surface_root"": ""submodules/RoboPEPP/assets/instrument_surface_samples_surfemb_x2.13mm_wg1over3_shafttop30mm""}",Full DINO / point positives,surfemb_keypoint_crop_part206020_fbo4_p2048_b32_gpu0123,RARP+LND,refined,2048,2048,not recorded,not recorded in checkpoint,legacy raw_dot,,32,0,,,,,,,,,,,,,,,,,,,,,,,,,,,,,,,,,,,,,,,,,,,,,,,,,,,,,,,,,,,,,,,,,,,,,,,,,,,,,,,,,,,,,,1884,2.719908583394404,1.5655917744298926,12.6221584944565,12.911885523083098,1884,9.587326578666225,4.5283952066351665,23.958748941407126,25.805783881978414,,,,,,,,,,,,,,,,,,,,,,,,,,,,,,,,,,,,,,,,,,,,,,,,,,,,,,,,,,,,,,,,,,,,,,,,,,,,,,,,,,,,,,,,,,,,,,,,,,,,,,,,,
submodules/RoboPEPP/logs/surfemb_wrist_gripper_ablation_rarp_full_topk_v2/summary.json,dino_multihead,wrist_gripper_joint,needleGrasping/test,full evaluation,2375,,submodules/RoboPEPP/logs/surfemb_keypoint_crop_part206020_fbo4_p2048_b32_gpu0123/checkpoints/best_val_total.pt,"{""dataset"": ""needleGrasping/test"", ""devices"": [""cuda:0"", ""cuda:1"", ""cuda:2"", ""cuda:3"", ""cuda:4"", ""cuda:5"", ""cuda:6"", ""cuda:7""], ""down_sample_scale"": 3, ""fit"": ""independent top-K RANSAC per part, followed by wrist+l/r-gripper kinematic-chain fit"", ""samples"": 2375, ""surface_keys_per_part"": 4096, ""surface_root"": ""submodules/RoboPEPP/assets/instrument_surface_samples_surfemb_x2.13mm_wg1over3_shafttop30mm""}",Full DINO / point positives,surfemb_keypoint_crop_part206020_fbo4_p2048_b32_gpu0123,RARP+LND,refined,2048,2048,not recorded,not recorded in checkpoint,legacy raw_dot,,32,0,,,,,,,,,,,,,,,,,,,,,,,,,,,,,,,,,,,,,,,,,,,,,,,,,,,,,,,,,,,,,,,,,,,,,,,,,,,,,,,,,,,,,,,,,,,,,,,,1884,3.852774769945172,2.6171557040246443,6.190065334549642,7.291144099105383,1884,12.077049965879262,8.277282958163727,18.5448318328308,22.130655742347958,1884,10.031471483457906,6.7808316617493,12.694127854406544,16.179348012433913,1884,15.424705389499152,8.72147367383116,18.98124305527273,24.458314011316958,1884,4.242459473526419,3.1525803193311353,6.013720076176573,7.359571423603635,1884,4.584036360682985,3.4048904202677797,6.101811258177145,7.631873294708257,1884,4.272508879820919,3.182568908988384,5.982658772288706,7.351635063969894,,,,,,,,,,,,,,,,,,,,,,,,,,,,,,,,,,,,,,,,,,,,,,,,,,,,,,,,,,,,,,,,,,,,,,
submodules/RoboPEPP/logs/surfemb_wrist_gripper_ablation_rarp_full_topk_v2/summary.json,dino_multihead,joint_minus_wrist,needleGrasping/test,full evaluation,2375,,submodules/RoboPEPP/logs/surfemb_keypoint_crop_part206020_fbo4_p2048_b32_gpu0123/checkpoints/best_val_total.pt,"{""dataset"": ""needleGrasping/test"", ""devices"": [""cuda:0"", ""cuda:1"", ""cuda:2"", ""cuda:3"", ""cuda:4"", ""cuda:5"", ""cuda:6"", ""cuda:7""], ""down_sample_scale"": 3, ""fit"": ""independent top-K RANSAC per part, followed by wrist+l/r-gripper kinematic-chain fit"", ""samples"": 2375, ""surface_keys_per_part"": 4096, ""surface_root"": ""submodules/RoboPEPP/assets/instrument_surface_samples_surfemb_x2.13mm_wg1over3_shafttop30mm""}",Full DINO / point positives,surfemb_keypoint_crop_part206020_fbo4_p2048_b32_gpu0123,RARP+LND,refined,2048,2048,not recorded,not recorded in checkpoint,legacy raw_dot,,32,0,,,,,,,,,,,,,,,,,,,,,,,,,,,,,,,,,,,,,,,,,,,,,,,,,,,,,,,,,,,,,,,,,,,,,,,,,,,,,,,,,,,,,,,,,,,,,,,,,,,,,,,,,,,,,,,,,,,,,,,,,,,,,,,,,,,1884,1.1328661865507683,0.8074904437109842,8.300224749551413,8.3771783250505,1884,2.4897233872130355,2.9714287748533748,18.92249397131448,19.085583581312584,,,,,,,,,,,,,,,,,,,,,,,,,,,,,,,,,,,,,,,,,,,,,,,,,,,,,,,,,,,,
submodules/RoboPEPP/logs/surfemb_wrist_gripper_ablation_rarp_full_topk_v2/summary.json,dino_multihead,chain_angle_diagnostics,needleGrasping/test,full evaluation,2375,,submodules/RoboPEPP/logs/surfemb_keypoint_crop_part206020_fbo4_p2048_b32_gpu0123/checkpoints/best_val_total.pt,"{""dataset"": ""needleGrasping/test"", ""devices"": [""cuda:0"", ""cuda:1"", ""cuda:2"", ""cuda:3"", ""cuda:4"", ""cuda:5"", ""cuda:6"", ""cuda:7""], ""down_sample_scale"": 3, ""fit"": ""independent top-K RANSAC per part, followed by wrist+l/r-gripper kinematic-chain fit"", ""samples"": 2375, ""surface_keys_per_part"": 4096, ""surface_root"": ""submodules/RoboPEPP/assets/instrument_surface_samples_surfemb_x2.13mm_wg1over3_shafttop30mm""}",Full DINO / point positives,surfemb_keypoint_crop_part206020_fbo4_p2048_b32_gpu0123,RARP+LND,refined,2048,2048,not recorded,not recorded in checkpoint,legacy raw_dot,,32,0,,,,,,,,,,,,,,,,,,,,,,,,,,,,,,,,,,,,,,,,,,,,,,,,,,,,,,,,,,,,,,,,,,,,,,,,,,,,,,,,,,,,,,,,,,,,,,,,,,,,,,,,,,,,,,,,,,,,,,,,,,,,,,,,,,,,,,,,,,,,,2333,13.832371096806481,6.9586330059179256,20.77642430199308,24.95985370422303,2333,18.755254804181842,12.231789364201955,20.764435078582018,27.980731707774073,2333,10.16787462121353,5.8353456793056315,16.423608567990552,19.316329690375728,2333,16.51731596158375,9.723336768265373,20.21387284111803,26.10406830001175,,,,,,,,,,,,,,,,,,,,,,,,,,,,,,,,,,,,,,,,
submodules/RoboPEPP/logs/surfemb_wrist_gripper_ablation_rarp_full_topk_v2/summary.json,dino_multihead,support,needleGrasping/test,full evaluation,2375,,submodules/RoboPEPP/logs/surfemb_keypoint_crop_part206020_fbo4_p2048_b32_gpu0123/checkpoints/best_val_total.pt,"{""dataset"": ""needleGrasping/test"", ""devices"": [""cuda:0"", ""cuda:1"", ""cuda:2"", ""cuda:3"", ""cuda:4"", ""cuda:5"", ""cuda:6"", ""cuda:7""], ""down_sample_scale"": 3, ""fit"": ""independent top-K RANSAC per part, followed by wrist+l/r-gripper kinematic-chain fit"", ""samples"": 2375, ""surface_keys_per_part"": 4096, ""surface_root"": ""submodules/RoboPEPP/assets/instrument_surface_samples_surfemb_x2.13mm_wg1over3_shafttop30mm""}",Full DINO / point positives,surfemb_keypoint_crop_part206020_fbo4_p2048_b32_gpu0123,RARP+LND,refined,2048,2048,not recorded,not recorded in checkpoint,legacy raw_dot,,32,0,,,,,,,,,,,,,,,,,,,,,,,,,,,,,,,,,,,,,,,,,,,,,,,,,,,,,,,,,,,,,,,,,,,,,,,,,,,,,,,,,,,,,,,,,,,,,,,,,,,,,,,,,,,,,,,,,,,,,,,,,,,,,,,,,,,,,,,,,,,,,,,,,,,,,,,,,,,,,,,,,2333,185.27003857693956,127.0,159.03031259453718,244.16311662128024,2333,91.18002571795971,68.0,75.95086165314032,118.66899542754314,2333,214.7569652807544,150.0,172.47968030966192,275.44472087212404,2333,59.519502786112305,47.0,44.486845836433446,74.3078102515518,2333,45.42391770252893,32.0,43.620522670240284,62.976839373463854,,,,,,,,,,,,,,,
submodules/RoboPEPP/logs/surfemb_wrist_gripper_ablation_rarp_smoke16/summary.json,resnet,wrist_only_all_successes,needleGrasping/test,smoke,16,,submodules/RoboPEPP/logs/surfemb_resnet_crop224_rarp_lnd_refinemem_b56_gpu4567/checkpoints/best_val_total.pt,"{""dataset"": ""needleGrasping/test"", ""devices"": [""cuda:0""], ""down_sample_scale"": 3, ""fit"": ""independent top-K RANSAC per part, followed by wrist+l/r-gripper kinematic-chain fit"", ""samples"": 16, ""surface_keys_per_part"": 4096, ""surface_root"": ""submodules/RoboPEPP/assets/instrument_surface_samples_surfemb_x2.13mm_wg1over3_shafttop30mm""}",Full ResNet / point positives,surfemb_resnet_crop224_rarp_lnd_refinemem_b56_gpu4567,RARP+LND,refined,1024,1024,not recorded,not recorded in checkpoint,legacy raw_dot,,56,0,,,,,,,,,,,,,,,,,,,,,,,,,,,,,,,,,,,,,,,,,,,,,,,,,,,,,,,,,,,,,,,,,,,,,,,,,,,,,,,,,,,,,,16,1.1043134415137255,1.2367275366261197,0.5970927632566755,1.2553995161068767,16,4.0243468666565025,3.5955442449527713,1.6705319173564783,4.357297854183797,,,,,,,,,,,,,,,,,,,,,,,,,,,,,,,,,,,,,,,,,,,,,,,,,,,,,,,,,,,,,,,,,,,,,,,,,,,,,,,,,,,,,,,,,,,,,,,,,,,,,,,,,
submodules/RoboPEPP/logs/surfemb_wrist_gripper_ablation_rarp_smoke16/summary.json,resnet,paired_wrist_only,needleGrasping/test,smoke,16,,submodules/RoboPEPP/logs/surfemb_resnet_crop224_rarp_lnd_refinemem_b56_gpu4567/checkpoints/best_val_total.pt,"{""dataset"": ""needleGrasping/test"", ""devices"": [""cuda:0""], ""down_sample_scale"": 3, ""fit"": ""independent top-K RANSAC per part, followed by wrist+l/r-gripper kinematic-chain fit"", ""samples"": 16, ""surface_keys_per_part"": 4096, ""surface_root"": ""submodules/RoboPEPP/assets/instrument_surface_samples_surfemb_x2.13mm_wg1over3_shafttop30mm""}",Full ResNet / point positives,surfemb_resnet_crop224_rarp_lnd_refinemem_b56_gpu4567,RARP+LND,refined,1024,1024,not recorded,not recorded in checkpoint,legacy raw_dot,,56,0,,,,,,,,,,,,,,,,,,,,,,,,,,,,,,,,,,,,,,,,,,,,,,,,,,,,,,,,,,,,,,,,,,,,,,,,,,,,,,,,,,,,,,16,1.1043134415137255,1.2367275366261197,0.5970927632566755,1.2553995161068767,16,4.0243468666565025,3.5955442449527713,1.6705319173564783,4.357297854183797,,,,,,,,,,,,,,,,,,,,,,,,,,,,,,,,,,,,,,,,,,,,,,,,,,,,,,,,,,,,,,,,,,,,,,,,,,,,,,,,,,,,,,,,,,,,,,,,,,,,,,,,,
submodules/RoboPEPP/logs/surfemb_wrist_gripper_ablation_rarp_smoke16/summary.json,resnet,wrist_gripper_joint,needleGrasping/test,smoke,16,,submodules/RoboPEPP/logs/surfemb_resnet_crop224_rarp_lnd_refinemem_b56_gpu4567/checkpoints/best_val_total.pt,"{""dataset"": ""needleGrasping/test"", ""devices"": [""cuda:0""], ""down_sample_scale"": 3, ""fit"": ""independent top-K RANSAC per part, followed by wrist+l/r-gripper kinematic-chain fit"", ""samples"": 16, ""surface_keys_per_part"": 4096, ""surface_root"": ""submodules/RoboPEPP/assets/instrument_surface_samples_surfemb_x2.13mm_wg1over3_shafttop30mm""}",Full ResNet / point positives,surfemb_resnet_crop224_rarp_lnd_refinemem_b56_gpu4567,RARP+LND,refined,1024,1024,not recorded,not recorded in checkpoint,legacy raw_dot,,56,0,,,,,,,,,,,,,,,,,,,,,,,,,,,,,,,,,,,,,,,,,,,,,,,,,,,,,,,,,,,,,,,,,,,,,,,,,,,,,,,,,,,,,,,,,,,,,,,,16,3.9915910506843346,3.935036686957596,1.8177585778468794,4.386005627360637,16,9.072783675181302,9.718390204262787,3.2090406953468507,9.623582794418539,16,8.115866733500635,7.161983111305869,5.224645228957591,9.652160929264054,16,7.5277218254536935,7.485025872724908,5.310228124712786,9.212226583074397,16,5.166619252229682,5.283333550349244,2.260240386848507,5.63938304283824,16,5.242184708937414,5.372136094188124,2.227644986641142,5.695867160417687,,,,,,,,,,,,,,,,,,,,,,,,,,,,,,,,,,,,,,,,,,,,,,,,,,,,,,,,,,,,,16,89.15976228131177,94.19274716468374,19.488468957456583,91.26479952514974,,,,,,,,,,
submodules/RoboPEPP/logs/surfemb_wrist_gripper_ablation_rarp_smoke16/summary.json,resnet,joint_minus_wrist,needleGrasping/test,smoke,16,,submodules/RoboPEPP/logs/surfemb_resnet_crop224_rarp_lnd_refinemem_b56_gpu4567/checkpoints/best_val_total.pt,"{""dataset"": ""needleGrasping/test"", ""devices"": [""cuda:0""], ""down_sample_scale"": 3, ""fit"": ""independent top-K RANSAC per part, followed by wrist+l/r-gripper kinematic-chain fit"", ""samples"": 16, ""surface_keys_per_part"": 4096, ""surface_root"": ""submodules/RoboPEPP/assets/instrument_surface_samples_surfemb_x2.13mm_wg1over3_shafttop30mm""}",Full ResNet / point positives,surfemb_resnet_crop224_rarp_lnd_refinemem_b56_gpu4567,RARP+LND,refined,1024,1024,not recorded,not recorded in checkpoint,legacy raw_dot,,56,0,,,,,,,,,,,,,,,,,,,,,,,,,,,,,,,,,,,,,,,,,,,,,,,,,,,,,,,,,,,,,,,,,,,,,,,,,,,,,,,,,,,,,,,,,,,,,,,,,,,,,,,,,,,,,,,,,,,,,,,,,,,,,,,,,,,16,2.887277609170609,2.619356531920666,2.140487443748119,3.59417006960735,16,5.048436808524801,5.981096427618202,3.790862183307482,6.313267799048195,,,,,,,,,,,,,,,,,,,,,,,,,,,,,,,,,,,,,,,,,,,,,,,,,,,,,,,,,,,,
submodules/RoboPEPP/logs/surfemb_wrist_gripper_ablation_rarp_smoke16/summary.json,resnet,chain_angle_diagnostics,needleGrasping/test,smoke,16,,submodules/RoboPEPP/logs/surfemb_resnet_crop224_rarp_lnd_refinemem_b56_gpu4567/checkpoints/best_val_total.pt,"{""dataset"": ""needleGrasping/test"", ""devices"": [""cuda:0""], ""down_sample_scale"": 3, ""fit"": ""independent top-K RANSAC per part, followed by wrist+l/r-gripper kinematic-chain fit"", ""samples"": 16, ""surface_keys_per_part"": 4096, ""surface_root"": ""submodules/RoboPEPP/assets/instrument_surface_samples_surfemb_x2.13mm_wg1over3_shafttop30mm""}",Full ResNet / point positives,surfemb_resnet_crop224_rarp_lnd_refinemem_b56_gpu4567,RARP+LND,refined,1024,1024,not recorded,not recorded in checkpoint,legacy raw_dot,,56,0,,,,,,,,,,,,,,,,,,,,,,,,,,,,,,,,,,,,,,,,,,,,,,,,,,,,,,,,,,,,,,,,,,,,,,,,,,,,,,,,,,,,,,,,,,,,,,,,,,,,,,,,,,,,,,,,,,,,,,,,,,,,,,,,,,,,,,,,,,,,,16,3.87948490696856,3.1682985948526414,2.4763144986375925,4.602448982830729,16,3.2441140251090173,2.4218830221454564,2.506314086529741,4.099498275185201,16,2.6947870818384274,2.9192865848790395,1.2886635233039305,2.9870606108241873,16,4.263212385019781,3.7860505819469403,3.0469087844673743,5.240098565928937,,,,,,,,,,,,,,,,,,,,,,,,,,,,,,,,,,,,,,,,
submodules/RoboPEPP/logs/surfemb_wrist_gripper_ablation_rarp_smoke16/summary.json,resnet,support,needleGrasping/test,smoke,16,,submodules/RoboPEPP/logs/surfemb_resnet_crop224_rarp_lnd_refinemem_b56_gpu4567/checkpoints/best_val_total.pt,"{""dataset"": ""needleGrasping/test"", ""devices"": [""cuda:0""], ""down_sample_scale"": 3, ""fit"": ""independent top-K RANSAC per part, followed by wrist+l/r-gripper kinematic-chain fit"", ""samples"": 16, ""surface_keys_per_part"": 4096, ""surface_root"": ""submodules/RoboPEPP/assets/instrument_surface_samples_surfemb_x2.13mm_wg1over3_shafttop30mm""}",Full ResNet / point positives,surfemb_resnet_crop224_rarp_lnd_refinemem_b56_gpu4567,RARP+LND,refined,1024,1024,not recorded,not recorded in checkpoint,legacy raw_dot,,56,0,,,,,,,,,,,,,,,,,,,,,,,,,,,,,,,,,,,,,,,,,,,,,,,,,,,,,,,,,,,,,,,,,,,,,,,,,,,,,,,,,,,,,,,,,,,,,,,,,,,,,,,,,,,,,,,,,,,,,,,,,,,,,,,,,,,,,,,,,,,,,,,,,,,,,,,,,,,,,,,,,16,257.375,238.0,61.25344378073775,264.56355569125543,16,75.9375,71.5,17.47665854075086,77.92263791736006,16,295.6875,278.0,66.38026697558544,303.04692293438654,16,55.0625,55.0,12.779225084096453,56.52598959770629,16,37.0,37.0,8.023403267940607,37.85993924981919,,,,,,,,,,,,,,,
submodules/RoboPEPP/logs/surfemb_wrist_gripper_ablation_rarp_smoke16/summary.json,dino_multihead,wrist_only_all_successes,needleGrasping/test,smoke,16,,submodules/RoboPEPP/logs/surfemb_keypoint_crop_part206020_fbo4_p2048_b32_gpu0123/checkpoints/best_val_total.pt,"{""dataset"": ""needleGrasping/test"", ""devices"": [""cuda:0""], ""down_sample_scale"": 3, ""fit"": ""independent top-K RANSAC per part, followed by wrist+l/r-gripper kinematic-chain fit"", ""samples"": 16, ""surface_keys_per_part"": 4096, ""surface_root"": ""submodules/RoboPEPP/assets/instrument_surface_samples_surfemb_x2.13mm_wg1over3_shafttop30mm""}",Full DINO / point positives,surfemb_keypoint_crop_part206020_fbo4_p2048_b32_gpu0123,RARP+LND,refined,2048,2048,not recorded,not recorded in checkpoint,legacy raw_dot,,32,0,,,,,,,,,,,,,,,,,,,,,,,,,,,,,,,,,,,,,,,,,,,,,,,,,,,,,,,,,,,,,,,,,,,,,,,,,,,,,,,,,,,,,,16,1.5644154171081819,1.8461257201971086,0.851322053758789,1.7810516097243922,16,3.958170889741151,3.8978081152878543,1.045905334996352,4.09402427474094,,,,,,,,,,,,,,,,,,,,,,,,,,,,,,,,,,,,,,,,,,,,,,,,,,,,,,,,,,,,,,,,,,,,,,,,,,,,,,,,,,,,,,,,,,,,,,,,,,,,,,,,,
submodules/RoboPEPP/logs/surfemb_wrist_gripper_ablation_rarp_smoke16/summary.json,dino_multihead,paired_wrist_only,needleGrasping/test,smoke,16,,submodules/RoboPEPP/logs/surfemb_keypoint_crop_part206020_fbo4_p2048_b32_gpu0123/checkpoints/best_val_total.pt,"{""dataset"": ""needleGrasping/test"", ""devices"": [""cuda:0""], ""down_sample_scale"": 3, ""fit"": ""independent top-K RANSAC per part, followed by wrist+l/r-gripper kinematic-chain fit"", ""samples"": 16, ""surface_keys_per_part"": 4096, ""surface_root"": ""submodules/RoboPEPP/assets/instrument_surface_samples_surfemb_x2.13mm_wg1over3_shafttop30mm""}",Full DINO / point positives,surfemb_keypoint_crop_part206020_fbo4_p2048_b32_gpu0123,RARP+LND,refined,2048,2048,not recorded,not recorded in checkpoint,legacy raw_dot,,32,0,,,,,,,,,,,,,,,,,,,,,,,,,,,,,,,,,,,,,,,,,,,,,,,,,,,,,,,,,,,,,,,,,,,,,,,,,,,,,,,,,,,,,,16,1.5644154171081819,1.8461257201971086,0.851322053758789,1.7810516097243922,16,3.958170889741151,3.8978081152878543,1.045905334996352,4.09402427474094,,,,,,,,,,,,,,,,,,,,,,,,,,,,,,,,,,,,,,,,,,,,,,,,,,,,,,,,,,,,,,,,,,,,,,,,,,,,,,,,,,,,,,,,,,,,,,,,,,,,,,,,,
submodules/RoboPEPP/logs/surfemb_wrist_gripper_ablation_rarp_smoke16/summary.json,dino_multihead,wrist_gripper_joint,needleGrasping/test,smoke,16,,submodules/RoboPEPP/logs/surfemb_keypoint_crop_part206020_fbo4_p2048_b32_gpu0123/checkpoints/best_val_total.pt,"{""dataset"": ""needleGrasping/test"", ""devices"": [""cuda:0""], ""down_sample_scale"": 3, ""fit"": ""independent top-K RANSAC per part, followed by wrist+l/r-gripper kinematic-chain fit"", ""samples"": 16, ""surface_keys_per_part"": 4096, ""surface_root"": ""submodules/RoboPEPP/assets/instrument_surface_samples_surfemb_x2.13mm_wg1over3_shafttop30mm""}",Full DINO / point positives,surfemb_keypoint_crop_part206020_fbo4_p2048_b32_gpu0123,RARP+LND,refined,2048,2048,not recorded,not recorded in checkpoint,legacy raw_dot,,32,0,,,,,,,,,,,,,,,,,,,,,,,,,,,,,,,,,,,,,,,,,,,,,,,,,,,,,,,,,,,,,,,,,,,,,,,,,,,,,,,,,,,,,,,,,,,,,,,,16,1.6799189799912404,1.5014057216664796,1.440996834703677,2.2132780342651994,16,7.665203434236054,7.8724553250358476,1.8278877478013342,7.880134345732085,16,6.397696229001829,5.739454917112258,2.944297254176751,7.042684385909748,16,4.45808042949739,3.2859357078014346,3.709263070453519,5.799406318037899,16,1.962804757390618,1.2453722496255941,1.8528235210936739,2.6991771923964536,16,2.059121389013814,1.4519082215950436,1.8795456523809784,2.787951354324249,,,,,,,,,,,,,,,,,,,,,,,,,,,,,,,,,,,,,,,,,,,,,,,,,,,,,,,,,,,,,16,85.04499305394684,92.79297956313764,20.7220094341975,87.53315096885771,,,,,,,,,,
submodules/RoboPEPP/logs/surfemb_wrist_gripper_ablation_rarp_smoke16/summary.json,dino_multihead,joint_minus_wrist,needleGrasping/test,smoke,16,,submodules/RoboPEPP/logs/surfemb_keypoint_crop_part206020_fbo4_p2048_b32_gpu0123/checkpoints/best_val_total.pt,"{""dataset"": ""needleGrasping/test"", ""devices"": [""cuda:0""], ""down_sample_scale"": 3, ""fit"": ""independent top-K RANSAC per part, followed by wrist+l/r-gripper kinematic-chain fit"", ""samples"": 16, ""surface_keys_per_part"": 4096, ""surface_root"": ""submodules/RoboPEPP/assets/instrument_surface_samples_surfemb_x2.13mm_wg1over3_shafttop30mm""}",Full DINO / point positives,surfemb_keypoint_crop_part206020_fbo4_p2048_b32_gpu0123,RARP+LND,refined,2048,2048,not recorded,not recorded in checkpoint,legacy raw_dot,,32,0,,,,,,,,,,,,,,,,,,,,,,,,,,,,,,,,,,,,,,,,,,,,,,,,,,,,,,,,,,,,,,,,,,,,,,,,,,,,,,,,,,,,,,,,,,,,,,,,,,,,,,,,,,,,,,,,,,,,,,,,,,,,,,,,,,,16,0.1155035628830586,-0.7334844506087462,1.9972076922516249,2.000544835545493,16,3.7070325444949033,2.6776631158535493,2.032058878032004,4.227452373443495,,,,,,,,,,,,,,,,,,,,,,,,,,,,,,,,,,,,,,,,,,,,,,,,,,,,,,,,,,,,
submodules/RoboPEPP/logs/surfemb_wrist_gripper_ablation_rarp_smoke16/summary.json,dino_multihead,chain_angle_diagnostics,needleGrasping/test,smoke,16,,submodules/RoboPEPP/logs/surfemb_keypoint_crop_part206020_fbo4_p2048_b32_gpu0123/checkpoints/best_val_total.pt,"{""dataset"": ""needleGrasping/test"", ""devices"": [""cuda:0""], ""down_sample_scale"": 3, ""fit"": ""independent top-K RANSAC per part, followed by wrist+l/r-gripper kinematic-chain fit"", ""samples"": 16, ""surface_keys_per_part"": 4096, ""surface_root"": ""submodules/RoboPEPP/assets/instrument_surface_samples_surfemb_x2.13mm_wg1over3_shafttop30mm""}",Full DINO / point positives,surfemb_keypoint_crop_part206020_fbo4_p2048_b32_gpu0123,RARP+LND,refined,2048,2048,not recorded,not recorded in checkpoint,legacy raw_dot,,32,0,,,,,,,,,,,,,,,,,,,,,,,,,,,,,,,,,,,,,,,,,,,,,,,,,,,,,,,,,,,,,,,,,,,,,,,,,,,,,,,,,,,,,,,,,,,,,,,,,,,,,,,,,,,,,,,,,,,,,,,,,,,,,,,,,,,,,,,,,,,,,16,3.4479977756173925,2.6401623983003435,2.495141621867247,4.256103896034118,16,3.54152259273179,3.520765021740717,3.297299477622555,4.838860002103767,16,2.0275363877928987,2.403891793955867,1.2305428150188016,2.371737637981628,16,4.478121663265458,3.2731872914811007,3.6896474206873413,5.8023332996297405,,,,,,,,,,,,,,,,,,,,,,,,,,,,,,,,,,,,,,,,
submodules/RoboPEPP/logs/surfemb_wrist_gripper_ablation_rarp_smoke16/summary.json,dino_multihead,support,needleGrasping/test,smoke,16,,submodules/RoboPEPP/logs/surfemb_keypoint_crop_part206020_fbo4_p2048_b32_gpu0123/checkpoints/best_val_total.pt,"{""dataset"": ""needleGrasping/test"", ""devices"": [""cuda:0""], ""down_sample_scale"": 3, ""fit"": ""independent top-K RANSAC per part, followed by wrist+l/r-gripper kinematic-chain fit"", ""samples"": 16, ""surface_keys_per_part"": 4096, ""surface_root"": ""submodules/RoboPEPP/assets/instrument_surface_samples_surfemb_x2.13mm_wg1over3_shafttop30mm""}",Full DINO / point positives,surfemb_keypoint_crop_part206020_fbo4_p2048_b32_gpu0123,RARP+LND,refined,2048,2048,not recorded,not recorded in checkpoint,legacy raw_dot,,32,0,,,,,,,,,,,,,,,,,,,,,,,,,,,,,,,,,,,,,,,,,,,,,,,,,,,,,,,,,,,,,,,,,,,,,,,,,,,,,,,,,,,,,,,,,,,,,,,,,,,,,,,,,,,,,,,,,,,,,,,,,,,,,,,,,,,,,,,,,,,,,,,,,,,,,,,,,,,,,,,,,16,257.375,238.0,61.25344378073775,264.56355569125543,16,75.9375,71.5,17.47665854075086,77.92263791736006,16,287.1875,271.0,63.15478876340257,294.0496344156884,16,57.6875,57.5,11.206687456603758,58.765955280247084,16,37.0,36.5,7.6892782496148495,37.79054114457743,,,,,,,,,,,,,,,
submodules/RoboPEPP/logs/surfemb_wrist_gripper_visibility_refine_rarp_full/summary.json,resnet,initial_wrist_only,needleGrasping/test,full evaluation,2375,,submodules/RoboPEPP/logs/surfemb_resnet_crop224_rarp_lnd_refinemem_b56_gpu4567/checkpoints/best_val_total.pt,"{""dataset"": ""needleGrasping/test"", ""devices"": [""cuda:0"", ""cuda:1"", ""cuda:2"", ""cuda:3"", ""cuda:4"", ""cuda:5"", ""cuda:6"", ""cuda:7""], ""down_sample_scale"": 3, ""fit"": ""independent top-K RANSAC per part, followed by wrist+l/r-gripper kinematic-chain fit"", ""samples"": 2375, ""surface_keys_per_part"": 4096, ""surface_root"": ""submodules/RoboPEPP/assets/instrument_surface_samples_surfemb_x2.13mm_wg1over3_shafttop30mm"", ""visibility_depth_tolerance_m"": 0.0008, ""visibility_min_correspondences"": 8}",Full ResNet / point positives,surfemb_resnet_crop224_rarp_lnd_refinemem_b56_gpu4567,RARP+LND,refined,1024,1024,not recorded,not recorded in checkpoint,legacy raw_dot,,56,0,,,,,,,,,,,,,,,,,,,,,,,,,,,,,,,,,,,,,,,,,,,,,,,,,,,,,,,,,,,,,,,,,,,,,,,,,,,,,,,,,,,,,,,,,,,,,,,,,,,,,,,,,,,,,,,,,,,,,,,,,,,,,,,,,,,,,,,,,,,,,,,,,,,,,,,,,,,,,,,,,,,,,,,,,,,,,,,,,,,,,,,,,,,,,,,2345,2.9588653209613693,1.610887862236869,5.287348678091043,6.0589553580876405,2345,10.466602315128313,5.115647548853086,23.582642473939757,25.80098428503682
submodules/RoboPEPP/logs/surfemb_wrist_gripper_visibility_refine_rarp_full/summary.json,resnet,wrist_only_all_successes,needleGrasping/test,full evaluation,2375,,submodules/RoboPEPP/logs/surfemb_resnet_crop224_rarp_lnd_refinemem_b56_gpu4567/checkpoints/best_val_total.pt,"{""dataset"": ""needleGrasping/test"", ""devices"": [""cuda:0"", ""cuda:1"", ""cuda:2"", ""cuda:3"", ""cuda:4"", ""cuda:5"", ""cuda:6"", ""cuda:7""], ""down_sample_scale"": 3, ""fit"": ""independent top-K RANSAC per part, followed by wrist+l/r-gripper kinematic-chain fit"", ""samples"": 2375, ""surface_keys_per_part"": 4096, ""surface_root"": ""submodules/RoboPEPP/assets/instrument_surface_samples_surfemb_x2.13mm_wg1over3_shafttop30mm"", ""visibility_depth_tolerance_m"": 0.0008, ""visibility_min_correspondences"": 8}",Full ResNet / point positives,surfemb_resnet_crop224_rarp_lnd_refinemem_b56_gpu4567,RARP+LND,refined,1024,1024,not recorded,not recorded in checkpoint,legacy raw_dot,,56,0,,,,,,,,,,,,,,,,,,,,,,,,,,,,,,,,,,,,,,,,,,,,,,,,,,,,,,,,,,,,,,,,,,,,,,,,,,,,,,,,,,,,,,2321,2.743433600412858,1.7425060613699015,4.311291666559694,5.110153006909022,2321,9.47047421177708,5.032959259844488,21.670717044993218,23.649732747752022,,,,,,,,,,,,,,,,,,,,,,,,,,,,,,,,,,,,,,,,,,,,,,,,,,,,,,,,,,,,,,,,,,,,,,,,,,,,,,,,,,,,,,,,,,,,,,,,,,,,,,,,,
submodules/RoboPEPP/logs/surfemb_wrist_gripper_visibility_refine_rarp_full/summary.json,resnet,paired_wrist_only,needleGrasping/test,full evaluation,2375,,submodules/RoboPEPP/logs/surfemb_resnet_crop224_rarp_lnd_refinemem_b56_gpu4567/checkpoints/best_val_total.pt,"{""dataset"": ""needleGrasping/test"", ""devices"": [""cuda:0"", ""cuda:1"", ""cuda:2"", ""cuda:3"", ""cuda:4"", ""cuda:5"", ""cuda:6"", ""cuda:7""], ""down_sample_scale"": 3, ""fit"": ""independent top-K RANSAC per part, followed by wrist+l/r-gripper kinematic-chain fit"", ""samples"": 2375, ""surface_keys_per_part"": 4096, ""surface_root"": ""submodules/RoboPEPP/assets/instrument_surface_samples_surfemb_x2.13mm_wg1over3_shafttop30mm"", ""visibility_depth_tolerance_m"": 0.0008, ""visibility_min_correspondences"": 8}",Full ResNet / point positives,surfemb_resnet_crop224_rarp_lnd_refinemem_b56_gpu4567,RARP+LND,refined,1024,1024,not recorded,not recorded in checkpoint,legacy raw_dot,,56,0,,,,,,,,,,,,,,,,,,,,,,,,,,,,,,,,,,,,,,,,,,,,,,,,,,,,,,,,,,,,,,,,,,,,,,,,,,,,,,,,,,,,,,1714,2.3187718168334377,1.6039989185722479,2.6545151235577102,3.5246493839441175,1714,7.59278934704454,4.6940178114531355,14.295829570987735,16.187068702866508,,,,,,,,,,,,,,,,,,,,,,,,,,,,,,,,,,,,,,,,,,,,,,,,,,,,,,,,,,,,,,,,,,,,,,,,,,,,,,,,,,,,,,,,,,,,,,,,,,,,,,,,,
submodules/RoboPEPP/logs/surfemb_wrist_gripper_visibility_refine_rarp_full/summary.json,resnet,wrist_gripper_joint,needleGrasping/test,full evaluation,2375,,submodules/RoboPEPP/logs/surfemb_resnet_crop224_rarp_lnd_refinemem_b56_gpu4567/checkpoints/best_val_total.pt,"{""dataset"": ""needleGrasping/test"", ""devices"": [""cuda:0"", ""cuda:1"", ""cuda:2"", ""cuda:3"", ""cuda:4"", ""cuda:5"", ""cuda:6"", ""cuda:7""], ""down_sample_scale"": 3, ""fit"": ""independent top-K RANSAC per part, followed by wrist+l/r-gripper kinematic-chain fit"", ""samples"": 2375, ""surface_keys_per_part"": 4096, ""surface_root"": ""submodules/RoboPEPP/assets/instrument_surface_samples_surfemb_x2.13mm_wg1over3_shafttop30mm"", ""visibility_depth_tolerance_m"": 0.0008, ""visibility_min_correspondences"": 8}",Full ResNet / point positives,surfemb_resnet_crop224_rarp_lnd_refinemem_b56_gpu4567,RARP+LND,refined,1024,1024,not recorded,not recorded in checkpoint,legacy raw_dot,,56,0,,,,,,,,,,,,,,,,,,,,,,,,,,,,,,,,,,,,,,,,,,,,,,,,,,,,,,,,,,,,,,,,,,,,,,,,,,,,,,,,,,,,,,,,,,,,,,,,1714,3.54733446829692,2.387193054494177,4.069730218614725,5.398730024947835,1714,11.257595080834907,7.844758389765931,15.64841927054786,19.277097101765396,1714,11.568037944071852,8.108558110923603,13.217395864304072,17.564710510259157,1714,16.724376190423985,10.3475175462682,19.38651621681362,25.603549948856667,1714,3.8355138508389786,2.616095980342334,4.234479822485894,5.7133165383179865,1714,4.160139937233027,2.7932562983812574,4.457543786941369,6.097250274497581,1714,3.88259168857248,2.7483873987759138,4.1412688171439465,5.676673818004776,,,,,,,,,,,,,,,,,,,,,,,,,,,,,,,,,,,,,,,,,,,,,,,,,,,,,,,,,,,,,,,,,,,,,,
submodules/RoboPEPP/logs/surfemb_wrist_gripper_visibility_refine_rarp_full/summary.json,resnet,joint_minus_wrist,needleGrasping/test,full evaluation,2375,,submodules/RoboPEPP/logs/surfemb_resnet_crop224_rarp_lnd_refinemem_b56_gpu4567/checkpoints/best_val_total.pt,"{""dataset"": ""needleGrasping/test"", ""devices"": [""cuda:0"", ""cuda:1"", ""cuda:2"", ""cuda:3"", ""cuda:4"", ""cuda:5"", ""cuda:6"", ""cuda:7""], ""down_sample_scale"": 3, ""fit"": ""independent top-K RANSAC per part, followed by wrist+l/r-gripper kinematic-chain fit"", ""samples"": 2375, ""surface_keys_per_part"": 4096, ""surface_root"": ""submodules/RoboPEPP/assets/instrument_surface_samples_surfemb_x2.13mm_wg1over3_shafttop30mm"", ""visibility_depth_tolerance_m"": 0.0008, ""visibility_min_correspondences"": 8}",Full ResNet / point positives,surfemb_resnet_crop224_rarp_lnd_refinemem_b56_gpu4567,RARP+LND,refined,1024,1024,not recorded,not recorded in checkpoint,legacy raw_dot,,56,0,,,,,,,,,,,,,,,,,,,,,,,,,,,,,,,,,,,,,,,,,,,,,,,,,,,,,,,,,,,,,,,,,,,,,,,,,,,,,,,,,,,,,,,,,,,,,,,,,,,,,,,,,,,,,,,,,,,,,,,,,,,,,,,,,,,1714,1.2285626514634829,0.5962685367657989,3.276075358354711,3.4988620924794867,1714,3.6648057337903666,2.5240912370220485,11.102095155462345,11.691335163588597,,,,,,,,,,,,,,,,,,,,,,,,,,,,,,,,,,,,,,,,,,,,,,,,,,,,,,,,,,,,
submodules/RoboPEPP/logs/surfemb_wrist_gripper_visibility_refine_rarp_full/summary.json,resnet,chain_angle_diagnostics,needleGrasping/test,full evaluation,2375,,submodules/RoboPEPP/logs/surfemb_resnet_crop224_rarp_lnd_refinemem_b56_gpu4567/checkpoints/best_val_total.pt,"{""dataset"": ""needleGrasping/test"", ""devices"": [""cuda:0"", ""cuda:1"", ""cuda:2"", ""cuda:3"", ""cuda:4"", ""cuda:5"", ""cuda:6"", ""cuda:7""], ""down_sample_scale"": 3, ""fit"": ""independent top-K RANSAC per part, followed by wrist+l/r-gripper kinematic-chain fit"", ""samples"": 2375, ""surface_keys_per_part"": 4096, ""surface_root"": ""submodules/RoboPEPP/assets/instrument_surface_samples_surfemb_x2.13mm_wg1over3_shafttop30mm"", ""visibility_depth_tolerance_m"": 0.0008, ""visibility_min_correspondences"": 8}",Full ResNet / point positives,surfemb_resnet_crop224_rarp_lnd_refinemem_b56_gpu4567,RARP+LND,refined,1024,1024,not recorded,not recorded in checkpoint,legacy raw_dot,,56,0,,,,,,,,,,,,,,,,,,,,,,,,,,,,,,,,,,,,,,,,,,,,,,,,,,,,,,,,,,,,,,,,,,,,,,,,,,,,,,,,,,,,,,,,,,,,,,,,,,,,,,,,,,,,,,,,,,,,,,,,,,,,,,,,,,,,,,,,,,,,,2321,13.588427561303162,9.161478152766222,16.963027300135835,21.734526881759745,2321,17.77039798974399,12.722445956561206,20.30545602139269,26.98330203942079,2321,10.786905049609967,6.240694199407817,16.246815666949654,19.501700947997886,2321,14.946469921301485,9.085674467939821,17.887294200425014,23.309917565725723,,,,,,,,,,,,,,,,,,,,,,,,,,,,,,,,,,,,,,,,
submodules/RoboPEPP/logs/surfemb_wrist_gripper_visibility_refine_rarp_full/summary.json,resnet,support,needleGrasping/test,full evaluation,2375,,submodules/RoboPEPP/logs/surfemb_resnet_crop224_rarp_lnd_refinemem_b56_gpu4567/checkpoints/best_val_total.pt,"{""dataset"": ""needleGrasping/test"", ""devices"": [""cuda:0"", ""cuda:1"", ""cuda:2"", ""cuda:3"", ""cuda:4"", ""cuda:5"", ""cuda:6"", ""cuda:7""], ""down_sample_scale"": 3, ""fit"": ""independent top-K RANSAC per part, followed by wrist+l/r-gripper kinematic-chain fit"", ""samples"": 2375, ""surface_keys_per_part"": 4096, ""surface_root"": ""submodules/RoboPEPP/assets/instrument_surface_samples_surfemb_x2.13mm_wg1over3_shafttop30mm"", ""visibility_depth_tolerance_m"": 0.0008, ""visibility_min_correspondences"": 8}",Full ResNet / point positives,surfemb_resnet_crop224_rarp_lnd_refinemem_b56_gpu4567,RARP+LND,refined,1024,1024,not recorded,not recorded in checkpoint,legacy raw_dot,,56,0,,,,,,,,,,,,,,,,,,,,,,,,,,,,,,,,,,,,,,,,,,,,,,,,,,,,,,,,,,,,,,,,,,,,,,,,,,,,,,,,,,,,,,,,,,,,,,,,,,,,,,,,,,,,,,,,,,,,,,,,,,,,,,,,,,,,,,,,,,,,,,,,,,,,,,,,,,,,,,,,,2321,185.05557949159845,126.0,158.82927981027916,243.86944791429545,2321,91.51055579491599,68.0,76.10233702538397,119.01994590243923,2321,218.48125807841447,152.0,177.64548374553706,281.5883130151403,2321,61.78414476518742,49.0,46.66618027112918,77.42746880444409,2321,42.345971563981045,31.0,39.669168204078844,58.02434156197717,,,,,,,,,,,,,,,
submodules/RoboPEPP/logs/surfemb_wrist_gripper_visibility_refine_rarp_full/summary.json,dino_multihead,initial_wrist_only,needleGrasping/test,full evaluation,2375,,submodules/RoboPEPP/logs/surfemb_keypoint_crop_part206020_fbo4_p2048_b32_gpu0123/checkpoints/best_val_total.pt,"{""dataset"": ""needleGrasping/test"", ""devices"": [""cuda:0"", ""cuda:1"", ""cuda:2"", ""cuda:3"", ""cuda:4"", ""cuda:5"", ""cuda:6"", ""cuda:7""], ""down_sample_scale"": 3, ""fit"": ""independent top-K RANSAC per part, followed by wrist+l/r-gripper kinematic-chain fit"", ""samples"": 2375, ""surface_keys_per_part"": 4096, ""surface_root"": ""submodules/RoboPEPP/assets/instrument_surface_samples_surfemb_x2.13mm_wg1over3_shafttop30mm"", ""visibility_depth_tolerance_m"": 0.0008, ""visibility_min_correspondences"": 8}",Full DINO / point positives,surfemb_keypoint_crop_part206020_fbo4_p2048_b32_gpu0123,RARP+LND,refined,2048,2048,not recorded,not recorded in checkpoint,legacy raw_dot,,32,0,,,,,,,,,,,,,,,,,,,,,,,,,,,,,,,,,,,,,,,,,,,,,,,,,,,,,,,,,,,,,,,,,,,,,,,,,,,,,,,,,,,,,,,,,,,,,,,,,,,,,,,,,,,,,,,,,,,,,,,,,,,,,,,,,,,,,,,,,,,,,,,,,,,,,,,,,,,,,,,,,,,,,,,,,,,,,,,,,,,,,,,,,,,,,,,2333,3.8413315488438395,1.7083886593544952,17.818737035750047,18.22808869896549,2333,10.588546588954872,4.67274614855454,26.07914455066876,28.146742251300488
submodules/RoboPEPP/logs/surfemb_wrist_gripper_visibility_refine_rarp_full/summary.json,dino_multihead,wrist_only_all_successes,needleGrasping/test,full evaluation,2375,,submodules/RoboPEPP/logs/surfemb_keypoint_crop_part206020_fbo4_p2048_b32_gpu0123/checkpoints/best_val_total.pt,"{""dataset"": ""needleGrasping/test"", ""devices"": [""cuda:0"", ""cuda:1"", ""cuda:2"", ""cuda:3"", ""cuda:4"", ""cuda:5"", ""cuda:6"", ""cuda:7""], ""down_sample_scale"": 3, ""fit"": ""independent top-K RANSAC per part, followed by wrist+l/r-gripper kinematic-chain fit"", ""samples"": 2375, ""surface_keys_per_part"": 4096, ""surface_root"": ""submodules/RoboPEPP/assets/instrument_surface_samples_surfemb_x2.13mm_wg1over3_shafttop30mm"", ""visibility_depth_tolerance_m"": 0.0008, ""visibility_min_correspondences"": 8}",Full DINO / point positives,surfemb_keypoint_crop_part206020_fbo4_p2048_b32_gpu0123,RARP+LND,refined,2048,2048,not recorded,not recorded in checkpoint,legacy raw_dot,,32,0,,,,,,,,,,,,,,,,,,,,,,,,,,,,,,,,,,,,,,,,,,,,,,,,,,,,,,,,,,,,,,,,,,,,,,,,,,,,,,,,,,,,,,2317,3.4841723783145646,1.7919003708919283,18.428997058593584,18.755462930769298,2317,10.70092647934917,4.714421518104122,26.812175197544843,28.86871258543191,,,,,,,,,,,,,,,,,,,,,,,,,,,,,,,,,,,,,,,,,,,,,,,,,,,,,,,,,,,,,,,,,,,,,,,,,,,,,,,,,,,,,,,,,,,,,,,,,,,,,,,,,
submodules/RoboPEPP/logs/surfemb_wrist_gripper_visibility_refine_rarp_full/summary.json,dino_multihead,paired_wrist_only,needleGrasping/test,full evaluation,2375,,submodules/RoboPEPP/logs/surfemb_keypoint_crop_part206020_fbo4_p2048_b32_gpu0123/checkpoints/best_val_total.pt,"{""dataset"": ""needleGrasping/test"", ""devices"": [""cuda:0"", ""cuda:1"", ""cuda:2"", ""cuda:3"", ""cuda:4"", ""cuda:5"", ""cuda:6"", ""cuda:7""], ""down_sample_scale"": 3, ""fit"": ""independent top-K RANSAC per part, followed by wrist+l/r-gripper kinematic-chain fit"", ""samples"": 2375, ""surface_keys_per_part"": 4096, ""surface_root"": ""submodules/RoboPEPP/assets/instrument_surface_samples_surfemb_x2.13mm_wg1over3_shafttop30mm"", ""visibility_depth_tolerance_m"": 0.0008, ""visibility_min_correspondences"": 8}",Full DINO / point positives,surfemb_keypoint_crop_part206020_fbo4_p2048_b32_gpu0123,RARP+LND,refined,2048,2048,not recorded,not recorded in checkpoint,legacy raw_dot,,32,0,,,,,,,,,,,,,,,,,,,,,,,,,,,,,,,,,,,,,,,,,,,,,,,,,,,,,,,,,,,,,,,,,,,,,,,,,,,,,,,,,,,,,,1747,2.3909283110461277,1.573145299693168,6.058636192854775,6.5133409787859025,1747,7.81181882117739,4.556820258802193,16.665124092202024,18.405186070871263,,,,,,,,,,,,,,,,,,,,,,,,,,,,,,,,,,,,,,,,,,,,,,,,,,,,,,,,,,,,,,,,,,,,,,,,,,,,,,,,,,,,,,,,,,,,,,,,,,,,,,,,,
submodules/RoboPEPP/logs/surfemb_wrist_gripper_visibility_refine_rarp_full/summary.json,dino_multihead,wrist_gripper_joint,needleGrasping/test,full evaluation,2375,,submodules/RoboPEPP/logs/surfemb_keypoint_crop_part206020_fbo4_p2048_b32_gpu0123/checkpoints/best_val_total.pt,"{""dataset"": ""needleGrasping/test"", ""devices"": [""cuda:0"", ""cuda:1"", ""cuda:2"", ""cuda:3"", ""cuda:4"", ""cuda:5"", ""cuda:6"", ""cuda:7""], ""down_sample_scale"": 3, ""fit"": ""independent top-K RANSAC per part, followed by wrist+l/r-gripper kinematic-chain fit"", ""samples"": 2375, ""surface_keys_per_part"": 4096, ""surface_root"": ""submodules/RoboPEPP/assets/instrument_surface_samples_surfemb_x2.13mm_wg1over3_shafttop30mm"", ""visibility_depth_tolerance_m"": 0.0008, ""visibility_min_correspondences"": 8}",Full DINO / point positives,surfemb_keypoint_crop_part206020_fbo4_p2048_b32_gpu0123,RARP+LND,refined,2048,2048,not recorded,not recorded in checkpoint,legacy raw_dot,,32,0,,,,,,,,,,,,,,,,,,,,,,,,,,,,,,,,,,,,,,,,,,,,,,,,,,,,,,,,,,,,,,,,,,,,,,,,,,,,,,,,,,,,,,,,,,,,,,,,1747,3.12350488903773,2.054897992150759,5.528609990710964,6.349945765219706,1747,11.813634884477638,7.445207223279252,20.192451001769427,23.394380663796294,1747,10.296598903228656,6.744187056521947,13.5994568902253,17.057701389198545,1747,14.86736665633563,7.842887657872201,19.385145346107418,24.42994988500039,1747,3.450914653877647,2.4587964949107386,5.3346795690623345,6.35355160936925,1747,3.714483466800059,2.637802507734629,5.4912946881707,6.629608191851365,1747,3.454513460785181,2.6016718484110544,5.316421599089509,6.340189419095573,,,,,,,,,,,,,,,,,,,,,,,,,,,,,,,,,,,,,,,,,,,,,,,,,,,,,,,,,,,,,,,,,,,,,,
submodules/RoboPEPP/logs/surfemb_wrist_gripper_visibility_refine_rarp_full/summary.json,dino_multihead,joint_minus_wrist,needleGrasping/test,full evaluation,2375,,submodules/RoboPEPP/logs/surfemb_keypoint_crop_part206020_fbo4_p2048_b32_gpu0123/checkpoints/best_val_total.pt,"{""dataset"": ""needleGrasping/test"", ""devices"": [""cuda:0"", ""cuda:1"", ""cuda:2"", ""cuda:3"", ""cuda:4"", ""cuda:5"", ""cuda:6"", ""cuda:7""], ""down_sample_scale"": 3, ""fit"": ""independent top-K RANSAC per part, followed by wrist+l/r-gripper kinematic-chain fit"", ""samples"": 2375, ""surface_keys_per_part"": 4096, ""surface_root"": ""submodules/RoboPEPP/assets/instrument_surface_samples_surfemb_x2.13mm_wg1over3_shafttop30mm"", ""visibility_depth_tolerance_m"": 0.0008, ""visibility_min_correspondences"": 8}",Full DINO / point positives,surfemb_keypoint_crop_part206020_fbo4_p2048_b32_gpu0123,RARP+LND,refined,2048,2048,not recorded,not recorded in checkpoint,legacy raw_dot,,32,0,,,,,,,,,,,,,,,,,,,,,,,,,,,,,,,,,,,,,,,,,,,,,,,,,,,,,,,,,,,,,,,,,,,,,,,,,,,,,,,,,,,,,,,,,,,,,,,,,,,,,,,,,,,,,,,,,,,,,,,,,,,,,,,,,,,1747,0.7325765779916021,0.2857541944951072,3.0335664500493578,3.1207681505499494,1747,4.0018160633002475,2.36221735451901,13.744701414570507,14.315423457941591,,,,,,,,,,,,,,,,,,,,,,,,,,,,,,,,,,,,,,,,,,,,,,,,,,,,,,,,,,,,
submodules/RoboPEPP/logs/surfemb_wrist_gripper_visibility_refine_rarp_full/summary.json,dino_multihead,chain_angle_diagnostics,needleGrasping/test,full evaluation,2375,,submodules/RoboPEPP/logs/surfemb_keypoint_crop_part206020_fbo4_p2048_b32_gpu0123/checkpoints/best_val_total.pt,"{""dataset"": ""needleGrasping/test"", ""devices"": [""cuda:0"", ""cuda:1"", ""cuda:2"", ""cuda:3"", ""cuda:4"", ""cuda:5"", ""cuda:6"", ""cuda:7""], ""down_sample_scale"": 3, ""fit"": ""independent top-K RANSAC per part, followed by wrist+l/r-gripper kinematic-chain fit"", ""samples"": 2375, ""surface_keys_per_part"": 4096, ""surface_root"": ""submodules/RoboPEPP/assets/instrument_surface_samples_surfemb_x2.13mm_wg1over3_shafttop30mm"", ""visibility_depth_tolerance_m"": 0.0008, ""visibility_min_correspondences"": 8}",Full DINO / point positives,surfemb_keypoint_crop_part206020_fbo4_p2048_b32_gpu0123,RARP+LND,refined,2048,2048,not recorded,not recorded in checkpoint,legacy raw_dot,,32,0,,,,,,,,,,,,,,,,,,,,,,,,,,,,,,,,,,,,,,,,,,,,,,,,,,,,,,,,,,,,,,,,,,,,,,,,,,,,,,,,,,,,,,,,,,,,,,,,,,,,,,,,,,,,,,,,,,,,,,,,,,,,,,,,,,,,,,,,,,,,,2317,13.841970706530123,7.290112921865056,20.85508994682973,25.03067976965061,2317,18.9248577658771,12.20065013060835,21.051032115930777,28.30717567339822,2317,9.967927189776383,5.838180837750391,15.491126281161796,18.421035962170667,2317,16.30125512168362,9.710756262649602,19.600742887593494,25.493529380761768,,,,,,,,,,,,,,,,,,,,,,,,,,,,,,,,,,,,,,,,
submodules/RoboPEPP/logs/surfemb_wrist_gripper_visibility_refine_rarp_full/summary.json,dino_multihead,support,needleGrasping/test,full evaluation,2375,,submodules/RoboPEPP/logs/surfemb_keypoint_crop_part206020_fbo4_p2048_b32_gpu0123/checkpoints/best_val_total.pt,"{""dataset"": ""needleGrasping/test"", ""devices"": [""cuda:0"", ""cuda:1"", ""cuda:2"", ""cuda:3"", ""cuda:4"", ""cuda:5"", ""cuda:6"", ""cuda:7""], ""down_sample_scale"": 3, ""fit"": ""independent top-K RANSAC per part, followed by wrist+l/r-gripper kinematic-chain fit"", ""samples"": 2375, ""surface_keys_per_part"": 4096, ""surface_root"": ""submodules/RoboPEPP/assets/instrument_surface_samples_surfemb_x2.13mm_wg1over3_shafttop30mm"", ""visibility_depth_tolerance_m"": 0.0008, ""visibility_min_correspondences"": 8}",Full DINO / point positives,surfemb_keypoint_crop_part206020_fbo4_p2048_b32_gpu0123,RARP+LND,refined,2048,2048,not recorded,not recorded in checkpoint,legacy raw_dot,,32,0,,,,,,,,,,,,,,,,,,,,,,,,,,,,,,,,,,,,,,,,,,,,,,,,,,,,,,,,,,,,,,,,,,,,,,,,,,,,,,,,,,,,,,,,,,,,,,,,,,,,,,,,,,,,,,,,,,,,,,,,,,,,,,,,,,,,,,,,,,,,,,,,,,,,,,,,,,,,,,,,,2317,186.12602503236945,127.0,159.2017300488139,244.92465789480164,2317,91.44669831678895,68.0,75.88378055680603,118.83116924711001,2317,215.70349589987052,151.0,172.65169632570854,276.2908004034339,2317,59.63185153215365,48.0,44.29849787335381,74.28535946596979,2317,45.61329305135952,32.0,43.70384061294815,63.171181620349465,,,,,,,,,,,,,,,
submodules/RoboPEPP/logs/surfemb_wrist_gripper_visibility_refine_smoke32/summary.json,resnet,initial_wrist_only,needleGrasping/test,smoke,32,,submodules/RoboPEPP/logs/surfemb_resnet_crop224_rarp_lnd_refinemem_b56_gpu4567/checkpoints/best_val_total.pt,"{""dataset"": ""needleGrasping/test"", ""devices"": [""cuda:0""], ""down_sample_scale"": 3, ""fit"": ""independent top-K RANSAC per part, followed by wrist+l/r-gripper kinematic-chain fit"", ""samples"": 32, ""surface_keys_per_part"": 4096, ""surface_root"": ""submodules/RoboPEPP/assets/instrument_surface_samples_surfemb_x2.13mm_wg1over3_shafttop30mm"", ""visibility_depth_tolerance_m"": 0.0008, ""visibility_min_correspondences"": 8}",Full ResNet / point positives,surfemb_resnet_crop224_rarp_lnd_refinemem_b56_gpu4567,RARP+LND,refined,1024,1024,not recorded,not recorded in checkpoint,legacy raw_dot,,56,0,,,,,,,,,,,,,,,,,,,,,,,,,,,,,,,,,,,,,,,,,,,,,,,,,,,,,,,,,,,,,,,,,,,,,,,,,,,,,,,,,,,,,,,,,,,,,,,,,,,,,,,,,,,,,,,,,,,,,,,,,,,,,,,,,,,,,,,,,,,,,,,,,,,,,,,,,,,,,,,,,,,,,,,,,,,,,,,,,,,,,,,,,,,,,,,32,1.5362411505246478,1.4091221286063158,1.061765194598653,1.8674533999611367,32,4.957410040227591,4.205663184439214,2.3443295724120086,5.483775656519403
submodules/RoboPEPP/logs/surfemb_wrist_gripper_visibility_refine_smoke32/summary.json,resnet,wrist_only_all_successes,needleGrasping/test,smoke,32,,submodules/RoboPEPP/logs/surfemb_resnet_crop224_rarp_lnd_refinemem_b56_gpu4567/checkpoints/best_val_total.pt,"{""dataset"": ""needleGrasping/test"", ""devices"": [""cuda:0""], ""down_sample_scale"": 3, ""fit"": ""independent top-K RANSAC per part, followed by wrist+l/r-gripper kinematic-chain fit"", ""samples"": 32, ""surface_keys_per_part"": 4096, ""surface_root"": ""submodules/RoboPEPP/assets/instrument_surface_samples_surfemb_x2.13mm_wg1over3_shafttop30mm"", ""visibility_depth_tolerance_m"": 0.0008, ""visibility_min_correspondences"": 8}",Full ResNet / point positives,surfemb_resnet_crop224_rarp_lnd_refinemem_b56_gpu4567,RARP+LND,refined,1024,1024,not recorded,not recorded in checkpoint,legacy raw_dot,,56,0,,,,,,,,,,,,,,,,,,,,,,,,,,,,,,,,,,,,,,,,,,,,,,,,,,,,,,,,,,,,,,,,,,,,,,,,,,,,,,,,,,,,,,32,1.5755802869727236,1.4679886512067015,1.0570410449723886,1.8973109949223848,32,4.978450925750124,4.664255213284422,1.9369343403093133,5.341974191136806,,,,,,,,,,,,,,,,,,,,,,,,,,,,,,,,,,,,,,,,,,,,,,,,,,,,,,,,,,,,,,,,,,,,,,,,,,,,,,,,,,,,,,,,,,,,,,,,,,,,,,,,,
submodules/RoboPEPP/logs/surfemb_wrist_gripper_visibility_refine_smoke32/summary.json,resnet,paired_wrist_only,needleGrasping/test,smoke,32,,submodules/RoboPEPP/logs/surfemb_resnet_crop224_rarp_lnd_refinemem_b56_gpu4567/checkpoints/best_val_total.pt,"{""dataset"": ""needleGrasping/test"", ""devices"": [""cuda:0""], ""down_sample_scale"": 3, ""fit"": ""independent top-K RANSAC per part, followed by wrist+l/r-gripper kinematic-chain fit"", ""samples"": 32, ""surface_keys_per_part"": 4096, ""surface_root"": ""submodules/RoboPEPP/assets/instrument_surface_samples_surfemb_x2.13mm_wg1over3_shafttop30mm"", ""visibility_depth_tolerance_m"": 0.0008, ""visibility_min_correspondences"": 8}",Full ResNet / point positives,surfemb_resnet_crop224_rarp_lnd_refinemem_b56_gpu4567,RARP+LND,refined,1024,1024,not recorded,not recorded in checkpoint,legacy raw_dot,,56,0,,,,,,,,,,,,,,,,,,,,,,,,,,,,,,,,,,,,,,,,,,,,,,,,,,,,,,,,,,,,,,,,,,,,,,,,,,,,,,,,,,,,,,29,1.5314829869786342,1.5854361541687312,1.0038137369049338,1.8311423095445223,29,4.683769699183882,4.357215916331369,1.7855586430700232,5.012576010679053,,,,,,,,,,,,,,,,,,,,,,,,,,,,,,,,,,,,,,,,,,,,,,,,,,,,,,,,,,,,,,,,,,,,,,,,,,,,,,,,,,,,,,,,,,,,,,,,,,,,,,,,,
submodules/RoboPEPP/logs/surfemb_wrist_gripper_visibility_refine_smoke32/summary.json,resnet,wrist_gripper_joint,needleGrasping/test,smoke,32,,submodules/RoboPEPP/logs/surfemb_resnet_crop224_rarp_lnd_refinemem_b56_gpu4567/checkpoints/best_val_total.pt,"{""dataset"": ""needleGrasping/test"", ""devices"": [""cuda:0""], ""down_sample_scale"": 3, ""fit"": ""independent top-K RANSAC per part, followed by wrist+l/r-gripper kinematic-chain fit"", ""samples"": 32, ""surface_keys_per_part"": 4096, ""surface_root"": ""submodules/RoboPEPP/assets/instrument_surface_samples_surfemb_x2.13mm_wg1over3_shafttop30mm"", ""visibility_depth_tolerance_m"": 0.0008, ""visibility_min_correspondences"": 8}",Full ResNet / point positives,surfemb_resnet_crop224_rarp_lnd_refinemem_b56_gpu4567,RARP+LND,refined,1024,1024,not recorded,not recorded in checkpoint,legacy raw_dot,,56,0,,,,,,,,,,,,,,,,,,,,,,,,,,,,,,,,,,,,,,,,,,,,,,,,,,,,,,,,,,,,,,,,,,,,,,,,,,,,,,,,,,,,,,,,,,,,,,,,29,1.968329248336363,1.7090713945755311,1.431982934491753,2.434110752314283,29,19.276350899206832,9.384730350211965,40.700769890205684,45.03476849773767,29,14.720611956300479,6.314221312184356,23.594247472398422,27.809799175052596,29,14.155824642408565,5.101987385459445,25.545177312718984,29.205195689206985,29,2.9250189748362927,2.154809779025208,2.043165203487348,3.567948997938991,29,2.8748914123926124,2.287501252508906,1.903925403652464,3.448178153129851,29,2.765267660392769,1.9384873211784093,1.8805609539891874,3.3441313872637872,,,,,,,,,,,,,,,,,,,,,,,,,,,,,,,,,,,,,,,,,,,,,,,,,,,,,,,,,,,,,,,,,,,,,,
submodules/RoboPEPP/logs/surfemb_wrist_gripper_visibility_refine_smoke32/summary.json,resnet,joint_minus_wrist,needleGrasping/test,smoke,32,,submodules/RoboPEPP/logs/surfemb_resnet_crop224_rarp_lnd_refinemem_b56_gpu4567/checkpoints/best_val_total.pt,"{""dataset"": ""needleGrasping/test"", ""devices"": [""cuda:0""], ""down_sample_scale"": 3, ""fit"": ""independent top-K RANSAC per part, followed by wrist+l/r-gripper kinematic-chain fit"", ""samples"": 32, ""surface_keys_per_part"": 4096, ""surface_root"": ""submodules/RoboPEPP/assets/instrument_surface_samples_surfemb_x2.13mm_wg1over3_shafttop30mm"", ""visibility_depth_tolerance_m"": 0.0008, ""visibility_min_correspondences"": 8}",Full ResNet / point positives,surfemb_resnet_crop224_rarp_lnd_refinemem_b56_gpu4567,RARP+LND,refined,1024,1024,not recorded,not recorded in checkpoint,legacy raw_dot,,56,0,,,,,,,,,,,,,,,,,,,,,,,,,,,,,,,,,,,,,,,,,,,,,,,,,,,,,,,,,,,,,,,,,,,,,,,,,,,,,,,,,,,,,,,,,,,,,,,,,,,,,,,,,,,,,,,,,,,,,,,,,,,,,,,,,,,29,0.4368462613577295,0.1299411601384548,1.9698313413936035,2.0176893144383623,29,14.592581200022954,3.216567403148467,40.20052002815132,42.76710460871835,,,,,,,,,,,,,,,,,,,,,,,,,,,,,,,,,,,,,,,,,,,,,,,,,,,,,,,,,,,,
submodules/RoboPEPP/logs/surfemb_wrist_gripper_visibility_refine_smoke32/summary.json,resnet,chain_angle_diagnostics,needleGrasping/test,smoke,32,,submodules/RoboPEPP/logs/surfemb_resnet_crop224_rarp_lnd_refinemem_b56_gpu4567/checkpoints/best_val_total.pt,"{""dataset"": ""needleGrasping/test"", ""devices"": [""cuda:0""], ""down_sample_scale"": 3, ""fit"": ""independent top-K RANSAC per part, followed by wrist+l/r-gripper kinematic-chain fit"", ""samples"": 32, ""surface_keys_per_part"": 4096, ""surface_root"": ""submodules/RoboPEPP/assets/instrument_surface_samples_surfemb_x2.13mm_wg1over3_shafttop30mm"", ""visibility_depth_tolerance_m"": 0.0008, ""visibility_min_correspondences"": 8}",Full ResNet / point positives,surfemb_resnet_crop224_rarp_lnd_refinemem_b56_gpu4567,RARP+LND,refined,1024,1024,not recorded,not recorded in checkpoint,legacy raw_dot,,56,0,,,,,,,,,,,,,,,,,,,,,,,,,,,,,,,,,,,,,,,,,,,,,,,,,,,,,,,,,,,,,,,,,,,,,,,,,,,,,,,,,,,,,,,,,,,,,,,,,,,,,,,,,,,,,,,,,,,,,,,,,,,,,,,,,,,,,,,,,,,,,32,7.679544219436582,5.010652836650321,7.429663812201656,10.685284450150153,32,11.288988014168066,7.6596101147655045,8.958869828761271,14.411890888870872,32,7.69981871696622,3.719309027468082,7.322930436132457,10.62603022989199,32,9.210540709764036,6.277055528233545,8.155033385698555,12.301976657760273,,,,,,,,,,,,,,,,,,,,,,,,,,,,,,,,,,,,,,,,
submodules/RoboPEPP/logs/surfemb_wrist_gripper_visibility_refine_smoke32/summary.json,resnet,support,needleGrasping/test,smoke,32,,submodules/RoboPEPP/logs/surfemb_resnet_crop224_rarp_lnd_refinemem_b56_gpu4567/checkpoints/best_val_total.pt,"{""dataset"": ""needleGrasping/test"", ""devices"": [""cuda:0""], ""down_sample_scale"": 3, ""fit"": ""independent top-K RANSAC per part, followed by wrist+l/r-gripper kinematic-chain fit"", ""samples"": 32, ""surface_keys_per_part"": 4096, ""surface_root"": ""submodules/RoboPEPP/assets/instrument_surface_samples_surfemb_x2.13mm_wg1over3_shafttop30mm"", ""visibility_depth_tolerance_m"": 0.0008, ""visibility_min_correspondences"": 8}",Full ResNet / point positives,surfemb_resnet_crop224_rarp_lnd_refinemem_b56_gpu4567,RARP+LND,refined,1024,1024,not recorded,not recorded in checkpoint,legacy raw_dot,,56,0,,,,,,,,,,,,,,,,,,,,,,,,,,,,,,,,,,,,,,,,,,,,,,,,,,,,,,,,,,,,,,,,,,,,,,,,,,,,,,,,,,,,,,,,,,,,,,,,,,,,,,,,,,,,,,,,,,,,,,,,,,,,,,,,,,,,,,,,,,,,,,,,,,,,,,,,,,,,,,,,,32,312.3125,276.0,118.9785793483432,334.20801905400174,32,123.8125,87.0,73.67854059188468,144.07658553699835,32,346.375,310.0,110.02805040079552,363.4306157989445,32,95.71875,65.0,61.600646493665145,113.82758343213652,32,44.8125,36.5,38.1775764520222,58.87009002880835,,,,,,,,,,,,,,,
submodules/RoboPEPP/logs/surfemb_wrist_gripper_visibility_refine_smoke32/summary.json,dino_multihead,initial_wrist_only,needleGrasping/test,smoke,32,,submodules/RoboPEPP/logs/surfemb_keypoint_crop_part206020_fbo4_p2048_b32_gpu0123/checkpoints/best_val_total.pt,"{""dataset"": ""needleGrasping/test"", ""devices"": [""cuda:0""], ""down_sample_scale"": 3, ""fit"": ""independent top-K RANSAC per part, followed by wrist+l/r-gripper kinematic-chain fit"", ""samples"": 32, ""surface_keys_per_part"": 4096, ""surface_root"": ""submodules/RoboPEPP/assets/instrument_surface_samples_surfemb_x2.13mm_wg1over3_shafttop30mm"", ""visibility_depth_tolerance_m"": 0.0008, ""visibility_min_correspondences"": 8}",Full DINO / point positives,surfemb_keypoint_crop_part206020_fbo4_p2048_b32_gpu0123,RARP+LND,refined,2048,2048,not recorded,not recorded in checkpoint,legacy raw_dot,,32,0,,,,,,,,,,,,,,,,,,,,,,,,,,,,,,,,,,,,,,,,,,,,,,,,,,,,,,,,,,,,,,,,,,,,,,,,,,,,,,,,,,,,,,,,,,,,,,,,,,,,,,,,,,,,,,,,,,,,,,,,,,,,,,,,,,,,,,,,,,,,,,,,,,,,,,,,,,,,,,,,,,,,,,,,,,,,,,,,,,,,,,,,,,,,,,,32,1.8583020495219251,1.581639476204113,1.5784578033873158,2.438199242131721,32,14.856509680964983,4.040935284069301,41.287884146344815,43.879440028133885
submodules/RoboPEPP/logs/surfemb_wrist_gripper_visibility_refine_smoke32/summary.json,dino_multihead,wrist_only_all_successes,needleGrasping/test,smoke,32,,submodules/RoboPEPP/logs/surfemb_keypoint_crop_part206020_fbo4_p2048_b32_gpu0123/checkpoints/best_val_total.pt,"{""dataset"": ""needleGrasping/test"", ""devices"": [""cuda:0""], ""down_sample_scale"": 3, ""fit"": ""independent top-K RANSAC per part, followed by wrist+l/r-gripper kinematic-chain fit"", ""samples"": 32, ""surface_keys_per_part"": 4096, ""surface_root"": ""submodules/RoboPEPP/assets/instrument_surface_samples_surfemb_x2.13mm_wg1over3_shafttop30mm"", ""visibility_depth_tolerance_m"": 0.0008, ""visibility_min_correspondences"": 8}",Full DINO / point positives,surfemb_keypoint_crop_part206020_fbo4_p2048_b32_gpu0123,RARP+LND,refined,2048,2048,not recorded,not recorded in checkpoint,legacy raw_dot,,32,0,,,,,,,,,,,,,,,,,,,,,,,,,,,,,,,,,,,,,,,,,,,,,,,,,,,,,,,,,,,,,,,,,,,,,,,,,,,,,,,,,,,,,,32,2.4158323118235767,1.8539273582674558,2.0445494237050097,3.164874105683089,32,17.153187819923556,4.107742011608043,41.696133863994554,45.08657706668058,,,,,,,,,,,,,,,,,,,,,,,,,,,,,,,,,,,,,,,,,,,,,,,,,,,,,,,,,,,,,,,,,,,,,,,,,,,,,,,,,,,,,,,,,,,,,,,,,,,,,,,,,
submodules/RoboPEPP/logs/surfemb_wrist_gripper_visibility_refine_smoke32/summary.json,dino_multihead,paired_wrist_only,needleGrasping/test,smoke,32,,submodules/RoboPEPP/logs/surfemb_keypoint_crop_part206020_fbo4_p2048_b32_gpu0123/checkpoints/best_val_total.pt,"{""dataset"": ""needleGrasping/test"", ""devices"": [""cuda:0""], ""down_sample_scale"": 3, ""fit"": ""independent top-K RANSAC per part, followed by wrist+l/r-gripper kinematic-chain fit"", ""samples"": 32, ""surface_keys_per_part"": 4096, ""surface_root"": ""submodules/RoboPEPP/assets/instrument_surface_samples_surfemb_x2.13mm_wg1over3_shafttop30mm"", ""visibility_depth_tolerance_m"": 0.0008, ""visibility_min_correspondences"": 8}",Full DINO / point positives,surfemb_keypoint_crop_part206020_fbo4_p2048_b32_gpu0123,RARP+LND,refined,2048,2048,not recorded,not recorded in checkpoint,legacy raw_dot,,32,0,,,,,,,,,,,,,,,,,,,,,,,,,,,,,,,,,,,,,,,,,,,,,,,,,,,,,,,,,,,,,,,,,,,,,,,,,,,,,,,,,,,,,,32,2.4158323118235767,1.8539273582674558,2.0445494237050097,3.164874105683089,32,17.153187819923556,4.107742011608043,41.696133863994554,45.08657706668058,,,,,,,,,,,,,,,,,,,,,,,,,,,,,,,,,,,,,,,,,,,,,,,,,,,,,,,,,,,,,,,,,,,,,,,,,,,,,,,,,,,,,,,,,,,,,,,,,,,,,,,,,
submodules/RoboPEPP/logs/surfemb_wrist_gripper_visibility_refine_smoke32/summary.json,dino_multihead,wrist_gripper_joint,needleGrasping/test,smoke,32,,submodules/RoboPEPP/logs/surfemb_keypoint_crop_part206020_fbo4_p2048_b32_gpu0123/checkpoints/best_val_total.pt,"{""dataset"": ""needleGrasping/test"", ""devices"": [""cuda:0""], ""down_sample_scale"": 3, ""fit"": ""independent top-K RANSAC per part, followed by wrist+l/r-gripper kinematic-chain fit"", ""samples"": 32, ""surface_keys_per_part"": 4096, ""surface_root"": ""submodules/RoboPEPP/assets/instrument_surface_samples_surfemb_x2.13mm_wg1over3_shafttop30mm"", ""visibility_depth_tolerance_m"": 0.0008, ""visibility_min_correspondences"": 8}",Full DINO / point positives,surfemb_keypoint_crop_part206020_fbo4_p2048_b32_gpu0123,RARP+LND,refined,2048,2048,not recorded,not recorded in checkpoint,legacy raw_dot,,32,0,,,,,,,,,,,,,,,,,,,,,,,,,,,,,,,,,,,,,,,,,,,,,,,,,,,,,,,,,,,,,,,,,,,,,,,,,,,,,,,,,,,,,,,,,,,,,,,,32,2.7466437142662565,1.9941261307586435,2.4434852233700766,3.6762306415602177,32,17.999830369562325,6.1535241128988805,40.472735398928016,44.29487785291499,32,8.579972658136217,4.340335915638398,10.757920881909829,13.760406698778805,32,10.46495025932354,3.8130512881289373,17.71325811882374,20.573640832730387,32,2.1897922859723074,1.663221129963103,1.6995024265334937,2.77191247219263,32,1.8409211747304073,1.5220662156278366,1.0656739570474876,2.127122881805382,32,2.1350349347957858,1.6585490301217263,1.4635202460320609,2.588487141815502,,,,,,,,,,,,,,,,,,,,,,,,,,,,,,,,,,,,,,,,,,,,,,,,,,,,,,,,,,,,,,,,,,,,,,
submodules/RoboPEPP/logs/surfemb_wrist_gripper_visibility_refine_smoke32/summary.json,dino_multihead,joint_minus_wrist,needleGrasping/test,smoke,32,,submodules/RoboPEPP/logs/surfemb_keypoint_crop_part206020_fbo4_p2048_b32_gpu0123/checkpoints/best_val_total.pt,"{""dataset"": ""needleGrasping/test"", ""devices"": [""cuda:0""], ""down_sample_scale"": 3, ""fit"": ""independent top-K RANSAC per part, followed by wrist+l/r-gripper kinematic-chain fit"", ""samples"": 32, ""surface_keys_per_part"": 4096, ""surface_root"": ""submodules/RoboPEPP/assets/instrument_surface_samples_surfemb_x2.13mm_wg1over3_shafttop30mm"", ""visibility_depth_tolerance_m"": 0.0008, ""visibility_min_correspondences"": 8}",Full DINO / point positives,surfemb_keypoint_crop_part206020_fbo4_p2048_b32_gpu0123,RARP+LND,refined,2048,2048,not recorded,not recorded in checkpoint,legacy raw_dot,,32,0,,,,,,,,,,,,,,,,,,,,,,,,,,,,,,,,,,,,,,,,,,,,,,,,,,,,,,,,,,,,,,,,,,,,,,,,,,,,,,,,,,,,,,,,,,,,,,,,,,,,,,,,,,,,,,,,,,,,,,,,,,,,,,,,,,,32,0.33081140244268004,0.16859927406361574,1.1170092271810392,1.164966007055002,32,0.8466425496387685,1.0993222928607087,2.9183485324938974,3.038677634098115,,,,,,,,,,,,,,,,,,,,,,,,,,,,,,,,,,,,,,,,,,,,,,,,,,,,,,,,,,,,
submodules/RoboPEPP/logs/surfemb_wrist_gripper_visibility_refine_smoke32/summary.json,dino_multihead,chain_angle_diagnostics,needleGrasping/test,smoke,32,,submodules/RoboPEPP/logs/surfemb_keypoint_crop_part206020_fbo4_p2048_b32_gpu0123/checkpoints/best_val_total.pt,"{""dataset"": ""needleGrasping/test"", ""devices"": [""cuda:0""], ""down_sample_scale"": 3, ""fit"": ""independent top-K RANSAC per part, followed by wrist+l/r-gripper kinematic-chain fit"", ""samples"": 32, ""surface_keys_per_part"": 4096, ""surface_root"": ""submodules/RoboPEPP/assets/instrument_surface_samples_surfemb_x2.13mm_wg1over3_shafttop30mm"", ""visibility_depth_tolerance_m"": 0.0008, ""visibility_min_correspondences"": 8}",Full DINO / point positives,surfemb_keypoint_crop_part206020_fbo4_p2048_b32_gpu0123,RARP+LND,refined,2048,2048,not recorded,not recorded in checkpoint,legacy raw_dot,,32,0,,,,,,,,,,,,,,,,,,,,,,,,,,,,,,,,,,,,,,,,,,,,,,,,,,,,,,,,,,,,,,,,,,,,,,,,,,,,,,,,,,,,,,,,,,,,,,,,,,,,,,,,,,,,,,,,,,,,,,,,,,,,,,,,,,,,,,,,,,,,,32,15.605340293215185,6.7547723341988295,23.926129340017177,28.565474105329955,32,15.347921125053084,6.869327847060084,19.893945679236364,25.126236438218477,32,8.698510513816508,3.209865854053972,10.771044281736579,13.84483586316958,32,9.90060069685528,5.912315984690281,11.258403358789687,14.992449444563027,,,,,,,,,,,,,,,,,,,,,,,,,,,,,,,,,,,,,,,,
submodules/RoboPEPP/logs/surfemb_wrist_gripper_visibility_refine_smoke32/summary.json,dino_multihead,support,needleGrasping/test,smoke,32,,submodules/RoboPEPP/logs/surfemb_keypoint_crop_part206020_fbo4_p2048_b32_gpu0123/checkpoints/best_val_total.pt,"{""dataset"": ""needleGrasping/test"", ""devices"": [""cuda:0""], ""down_sample_scale"": 3, ""fit"": ""independent top-K RANSAC per part, followed by wrist+l/r-gripper kinematic-chain fit"", ""samples"": 32, ""surface_keys_per_part"": 4096, ""surface_root"": ""submodules/RoboPEPP/assets/instrument_surface_samples_surfemb_x2.13mm_wg1over3_shafttop30mm"", ""visibility_depth_tolerance_m"": 0.0008, ""visibility_min_correspondences"": 8}",Full DINO / point positives,surfemb_keypoint_crop_part206020_fbo4_p2048_b32_gpu0123,RARP+LND,refined,2048,2048,not recorded,not recorded in checkpoint,legacy raw_dot,,32,0,,,,,,,,,,,,,,,,,,,,,,,,,,,,,,,,,,,,,,,,,,,,,,,,,,,,,,,,,,,,,,,,,,,,,,,,,,,,,,,,,,,,,,,,,,,,,,,,,,,,,,,,,,,,,,,,,,,,,,,,,,,,,,,,,,,,,,,,,,,,,,,,,,,,,,,,,,,,,,,,,32,312.3125,276.0,118.9785793483432,334.20801905400174,32,123.8125,87.0,73.67854059188468,144.07658553699835,32,358.75,317.5,133.03641418799592,382.62285608677377,32,73.09375,62.0,33.438712010744375,80.3793739089824,32,65.65625,35.5,67.24842441230501,93.98453995205807,,,,,,,,,,,,,,,
